"sample","original_code","tumor_type","class","OS_MONTHS","OS_STATUS","age","TMB","type","FGA","sex"
"P-0000142-T01-IM3","PAAD","PAAD","PWK",8.81,1,55.62," < 10","Primary",0.268,"Female"
"P-0000783-T01-IM3","PAAD","PAAD","BK",3.06,1,64.21," < 10","Primary",0.414,"Male"
"P-0001304-T01-IM3","PAAD","PAAD","PWK",1.94,1,62.51," < 10","Primary",0.003,"Female"
"P-0001518-T01-IM3","PAAD","PAAD","PWK",16.23,1,58.55," < 10","Metastasis",0.004,"Male"
"P-0001548-T01-IM3","PAAD","PAAD","BK",3.94,1,68.07," < 10","Metastasis",0.627,"Female"
"P-0002230-T01-IM3","PAAD","PAAD","BK",3.19,1,77.08," < 10","Primary",0,"Female"
"P-0002419-T01-IM3","PAAD","PAAD","BK",19.02,1,63.85," < 10","Metastasis",0.241,"Male"
"P-0002433-T01-IM3","PAAD","PAAD","PMK",7.43,1,51.39," >= 10","Metastasis",0.061,"Male"
"P-0002441-T01-IM3","PAAD","PAAD","PWK",16.36,1,63.14," < 10","Primary",0.021,"Female"
"P-0002830-T01-IM3","PAAD","PAAD","PWK",13.8,1,73.62," < 10","Primary",0,"Male"
"P-0002907-T01-IM3","PAAD","PAAD","PMK",0.03,1,71.15," < 10","Metastasis",0.527,"Male"
"P-0002985-T01-IM3","PAAD","PAAD","PWK",67.22,0,64.48," < 10","Metastasis",0.105,"Female"
"P-0003006-T01-IM3","PAAD","PAAD","PWK",12.81,1,41.31," < 10","Primary",0,"Male"
"P-0003008-T01-IM3","PAAD","PAAD","BK",4.07,1,53.51," < 10","Metastasis",0.057,"Female"
"P-0003259-T01-IM5","PAAD","PAAD","BK",0.95,1,67.3," < 10","Metastasis",0.135,"Female"
"P-0003412-T01-IM5","PAAD","PAAD","PWK",0,0,46.77," < 10","Primary",0.002,"Female"
"P-0003455-T02-IM5","PAAD","PAAD","PWK",4.96,1,66.63," < 10","Metastasis",0.015,"Female"
"P-0003540-T01-IM5","PAAD","PAAD","PWK",7.2,1,63.93," < 10","Primary",0.017,"Male"
"P-0003558-T01-IM5","PAAD","PAAD","PWK",2.4,1,68.49," < 10","Primary",0.045,"Male"
"P-0003870-T01-IM5","PAAD","PAAD","PMK",3.71,1,71.82," < 10","Metastasis",0.374,"Male"
"P-0003902-T01-IM5","PAAD","PAAD","BK",18.07,1,69.04," < 10","Metastasis",0.001,"Female"
"P-0004206-T01-IM5","PAAD","PAAD","BK",7,1,37.15," < 10","Metastasis",0.086,"Female"
"P-0004219-T01-IM5","PAAD","PAAD","PWK",19.91,1,60.97," < 10","Primary",0.001,"Female"
"P-0004399-T01-IM5","PAAD","PAAD","PMK",14.39,1,60.05," < 10","Metastasis",0.591,"Male"
"P-0004460-T01-IM5","PAAD","PAAD","BK",4.73,1,69.35," < 10","Primary",0.003,"Female"
"P-0004789-T01-IM5","PAAD","PAAD","PWK",9.73,1,53.1," < 10","Primary",0.175,"Female"
"P-0004796-T01-IM5","PAAD","PAAD","BK",3.52,1,62.04," < 10","Primary",0.015,"Male"
"P-0004801-T01-IM5","PAAD","PAAD","BK",65.22,0,59.75," < 10","Primary",0.032,"Female"
"P-0004810-T01-IM5","PAAD","PAAD","PWK",19.65,1,69.87," < 10","Primary",0.001,"Female"
"P-0004811-T01-IM5","PAAD","PAAD","BK",8.41,1,78.61," < 10","Primary",0.307,"Male"
"P-0004839-T01-IM5","PAAD","PAAD","BK",16,1,61.58," < 10","Metastasis",0.284,"Male"
"P-0004856-T01-IM5","PAAD","PAAD","PWK",14.26,1,40.76," < 10","Metastasis",0.156,"Male"
"P-0004864-T01-IM5","PAAD","PAAD","BK",22.9,1,65.55," < 10","Primary",0.023,"Male"
"P-0004866-T01-IM5","PAAD","PAAD","PWK",3.52,1,63.87," < 10","Primary",0.025,"Female"
"P-0004895-T01-IM5","PAAD","PAAD","PMK",13.8,1,71.76," < 10","Primary",0.272,"Female"
"P-0004906-T01-IM5","PAAD","PAAD","PWK",2.63,1,61.63," < 10","Metastasis",0,"Male"
"P-0004923-T01-IM5","PAAD","PAAD","PMK",12.02,1,72.79," < 10","Primary",0.018,"Female"
"P-0004944-T02-IM5","PAAD","PAAD","PMK",4.34,1,67.19," < 10","Metastasis",0.581,"Female"
"P-0004956-T01-IM5","PAAD","PAAD","PMK",22.01,1,66.82," < 10","Primary",0.082,"Male"
"P-0004970-T01-IM5","PAAD","PAAD","PWK",45.24,1,77.39," < 10","Primary",0.034,"Male"
"P-0004972-T01-IM5","PAAD","PAAD","PMK",16.89,1,73.87," < 10","Primary",0.001,"Female"
"P-0005035-T01-IM5","PAAD","PAAD","PWK",64.46,0,53.66," < 10","Metastasis",0.189,"Male"
"P-0005041-T01-IM5","PAAD","PAAD","BK",62.56,0,73.13," < 10","Primary",0.001,"Male"
"P-0005043-T01-IM5","PAAD","PAAD","PWK",34.5,1,79.43," < 10","Primary",0.188,"Male"
"P-0005075-T01-IM5","PAAD","PAAD","BK",5.78,0,75.2," < 10","Metastasis",0.204,"Male"
"P-0005185-T01-IM5","PAAD","PAAD","PWK",8.9,1,62.39," < 10","Metastasis",0.058,"Male"
"P-0005211-T01-IM5","PAAD","PAAD","BK",1.18,1,54.44," < 10","Primary",0.007,"Female"
"P-0005250-T01-IM5","PAAD","PAAD","BK",61.93,0,68.68," < 10","Metastasis",0.004,"Male"
"P-0005257-T01-IM5","PAAD","PAAD","BK",1.71,1,58.73," < 10","Metastasis",0.614,"Female"
"P-0005275-T01-IM5","PAAD","PAAD","PWK",51.06,1,54.79," < 10","Primary",0.036,"Female"
"P-0005288-T01-IM5","PAAD","PAAD","PWK",17.94,1,55.91," < 10","Primary",0.084,"Female"
"P-0005335-T01-IM5","PAAD","PAAD","BK",2.43,1,65.88," < 10","Metastasis",0.436,"Female"
"P-0005349-T02-IM6","PAAD","PAAD","PWK",33.87,1,66.47," < 10","Metastasis",0,"Female"
"P-0005390-T01-IM5","PAAD","PAAD","BK",25.33,1,76.52," < 10","Primary",0.001,"Male"
"P-0005391-T01-IM5","PAAD","PAAD","BK",23.46,1,44.22," < 10","Metastasis",0.291,"Female"
"P-0005468-T01-IM5","PAAD","PAAD","BK",60.62,0,52.13," < 10","Primary",0.001,"Male"
"P-0005479-T01-IM5","PAAD","PAAD","PWK",26.97,1,86.08," < 10","Primary",0.097,"Female"
"P-0005518-T01-IM5","PAAD","PAAD","PMK",43.34,1,73.57," < 10","Metastasis",0.05,"Male"
"P-0005558-T01-IM5","PAAD","PAAD","BK",4.44,1,63.55," < 10","Primary",0.001,"Female"
"P-0005568-T01-IM5","PAAD","PAAD","BK",13.14,1,67.06," < 10","Primary",0.017,"Female"
"P-0005575-T01-IM5","PAAD","PAAD","PMK",0,0,54.77," < 10","Primary",0.141,"Male"
"P-0005642-T01-IM5","PAAD","PAAD","PWK",63.05,0,70.57," < 10","Primary",0.019,"Male"
"P-0005652-T01-IM5","PAAD","PAAD","PWK",1.35,1,57.97," < 10","Metastasis",0.3,"Male"
"P-0005662-T01-IM5","PAAD","PAAD","BK",56.71,1,78.37," < 10","Metastasis",0.248,"Female"
"P-0005708-T01-IM5","PAAD","PAAD","PWK",2.99,1,59.1," < 10","Primary",0.134,"Male"
"P-0005720-T01-IM5","PAAD","PAAD","PWK",24.18,1,76.73," < 10","Primary",0.016,"Male"
"P-0005741-T01-IM5","PAAD","PAAD","PMK",9.63,1,74.77," < 10","Metastasis",0.563,"Male"
"P-0005758-T01-IM5","PAAD","PAAD","PWK",8.71,1,57.2," < 10","Metastasis",0.015,"Female"
"P-0005807-T01-IM5","PAAD","PAAD","PWK",32.99,1,77.06," < 10","Primary",0.214,"Female"
"P-0005815-T01-IM5","PAAD","PAAD","BK",10.97,1,68.44," < 10","Metastasis",0.542,"Female"
"P-0005860-T01-IM5","PAAD","PAAD","PWK",1.97,1,64.82," < 10","Metastasis",0.039,"Male"
"P-0005980-T01-IM5","PANET","PAAD","BK",62.82,0,66.9," < 10","Metastasis",0.438,"Female"
"P-0005997-T01-IM5","PAAD","PAAD","BK",16.79,1,58.97," < 10","Metastasis",0.147,"Male"
"P-0006009-T02-IM6","PAAD","PAAD","PWK",44.42,1,60.95," < 10","Metastasis",0.128,"Female"
"P-0006013-T01-IM5","PAAD","PAAD","PWK",61.14,0,60.79," < 10","Primary",0.009,"Male"
"P-0006027-T01-IM5","PAAD","PAAD","PMK",61.6,0,48.95," < 10","Primary",0.021,"Female"
"P-0006038-T01-IM5","PAAD","PAAD","BK",21.78,1,70.07," < 10","Primary",0.076,"Male"
"P-0006056-T01-IM5","PAAD","PAAD","PWK",5.68,1,66.93," < 10","Primary",0,"Male"
"P-0006066-T01-IM5","PAAD","PAAD","BK",11.27,1,51.66," < 10","Primary",0.023,"Female"
"P-0006072-T01-IM5","PAAD","PAAD","BK",46.19,1,77.8," < 10","Primary",0.024,"Female"
"P-0006073-T01-IM5","PAAD","PAAD","PMK",25.4,1,74.52," < 10","Primary",0.032,"Male"
"P-0006106-T01-IM5","PAAD","PAAD","PWK",1.77,1,70.95," < 10","Primary",0.007,"Male"
"P-0006125-T01-IM5","PAAD","PAAD","PMK",21.06,1,73.03," < 10","Primary",0.232,"Male"
"P-0006143-T02-IM6","PAAD","PAAD","PWK",26.35,0,75.56," < 10","Primary",0.503,"Female"
"P-0006147-T03-IM5","PAAD","PAAD","PWK",27.99,1,65.4," < 10","Metastasis",0.01,"Male"
"P-0006165-T01-IM5","PAAD","PAAD","PMK",45.37,1,70.99," < 10","Primary",0.038,"Male"
"P-0006205-T01-IM5","PAAD","PAAD","PWK",0.89,1,60.87," < 10","Metastasis",0.174,"Male"
"P-0006236-T01-IM5","PAAD","PAAD","PWK",7.06,1,79.04," < 10","Primary",0.218,"Female"
"P-0006260-T01-IM5","PAAD","PAAD","PMK",5.39,1,64.27," < 10","Metastasis",0.395,"Male"
"P-0006266-T01-IM5","PAAD","PAAD","PWK",3.84,0,54.69," < 10","Metastasis",0.138,"Female"
"P-0006322-T01-IM5","PAAD","PAAD","BK",59.14,0,67.1," < 10","Primary",0.017,"Female"
"P-0006326-T01-IM5","PAAD","PAAD","BK",0,0,74.9," < 10","Metastasis",0.05,"Male"
"P-0006332-T01-IM5","PAAD","PAAD","PMK",46.49,1,60.61," < 10","Primary",0.012,"Female"
"P-0006337-T01-IM5","PAAD","PAAD","PMK",39.92,1,68.87," < 10","Metastasis",0.068,"Female"
"P-0006362-T01-IM5","PAAD","PAAD","PWK",14.23,1,72.47," < 10","Primary",0.016,"Female"
"P-0006371-T01-IM5","PAAD","PAAD","PMK",3.58,1,59.53," < 10","Metastasis",0.298,"Male"
"P-0006374-T01-IM5","PAAD","PAAD","PWK",31.7,1,56.67," < 10","Primary",0.016,"Male"
"P-0006398-T01-IM5","PAAD","PAAD","BK",59.6,0,55.13," < 10","Primary",0.248,"Female"
"P-0006399-T01-IM5","PAAD","PAAD","PWK",10.25,1,73.19," < 10","Primary",0.288,"Male"
"P-0006417-T02-IM6","PAAD","PAAD","BK",28.91,1,72.26," < 10","Metastasis",0.016,"Female"
"P-0006433-T01-IM5","PAAD","PAAD","PMK",19.02,1,78.53," < 10","Metastasis",0.23,"Male"
"P-0006491-T01-IM5","PAAD","PAAD","PWK",3.02,1,69.72," < 10","Primary",0.032,"Female"
"P-0006502-T01-IM5","PAAD","PAAD","BK",25,1,80.27," < 10","Primary",0.017,"Female"
"P-0006523-T01-IM5","PAAD","PAAD","PWK",61.37,0,66.4," < 10","Primary",0.016,"Female"
"P-0006526-T01-IM5","PAAD","PAAD","BK",59.8,0,40.3," < 10","Metastasis",0.36,"Male"
"P-0006562-T01-IM5","PAAD","PAAD","PMK",60.06,0,57.31," < 10","Metastasis",0.013,"Female"
"P-0006580-T01-IM5","PAAD","PAAD","PWK",5.91,1,66.63," < 10","Primary",0.044,"Male"
"P-0006593-T01-IM5","PAAD","PAAD","BK",18.14,1,59.81," < 10","Primary",0,"Male"
"P-0006617-T01-IM5","PAAD","PAAD","BK",54.28,0,78.96," < 10","Metastasis",0.107,"Male"
"P-0006618-T01-IM5","PAAD","PAAD","PWK",15.08,1,67.29," < 10","Primary",0.071,"Female"
"P-0006623-T01-IM5","PAAD","PAAD","BK",6.28,1,57.63," < 10","Metastasis",0.031,"Female"
"P-0006626-T01-IM5","PAAD","PAAD","BK",0.89,1,81.47," < 10","Primary",0.145,"Female"
"P-0006661-T01-IM5","PAAD","PAAD","PWK",36.11,1,69.53," < 10","Metastasis",0.189,"Male"
"P-0006679-T01-IM5","PAAD","PAAD","PMK",2.73,1,77.65," < 10","Metastasis",0.276,"Male"
"P-0006691-T02-IM6","PAAD","PAAD","PMK",40.08,1,65.19," < 10","Metastasis",0.42,"Male"
"P-0006702-T01-IM5","PAAD","PAAD","PMK",12.25,1,71.58," < 10","Metastasis",0.03,"Female"
"P-0006709-T01-IM5","PAAD","PAAD","PWK",7.95,1,72.22," < 10","Metastasis",0.018,"Male"
"P-0006716-T01-IM5","PAAD","PAAD","PWK",20.21,1,73.67," < 10","Primary",0.376,"Male"
"P-0006760-T02-IM6","PAAD","PAAD","PWK",18.96,1,75.91," < 10","Metastasis",0.117,"Male"
"P-0006790-T01-IM5","PAAD","PAAD","BK",60.22,0,61.88," < 10","Primary",0.092,"Male"
"P-0006798-T02-IM5","PAAD","PAAD","PWK",18.27,1,79.55," < 10","Primary",0.026,"Male"
"P-0006828-T01-IM5","PAAD","PAAD","PMK",6.51,1,82.09," < 10","Metastasis",0.049,"Male"
"P-0006907-T01-IM5","PAAD","PAAD","BK",56.77,1,83.3," < 10","Primary",0.01,"Female"
"P-0006930-T01-IM5","PAAD","PAAD","PWK",21.72,0,85.8," < 10","Primary",0.112,"Female"
"P-0006940-T01-IM5","PAAD","PAAD","PWK",3.32,1,74.16," < 10","Primary",0.181,"Female"
"P-0007060-T01-IM5","PAAD","PAAD","PWK",7.95,1,57.31," < 10","Metastasis",0.004,"Male"
"P-0007062-T01-IM5","PAAD","PAAD","BK",9.56,1,51.58," < 10","Metastasis",0.195,"Male"
"P-0007063-T01-IM5","PAAD","PAAD","PWK",0,0,70.27," < 10","Primary",0.264,"Female"
"P-0007065-T01-IM5","PAAD","PAAD","BK",51.55,1,42.03," < 10","Primary",0.029,"Female"
"P-0007075-T01-IM5","PAAD","PAAD","BK",53.39,1,35.11," < 10","Primary",0.021,"Male"
"P-0007076-T03-IM5","PANET","PAAD","PWK",19.58,1,69.72," >= 10","Metastasis",0.639,"Female"
"P-0007165-T01-IM5","PAAD","PAAD","BK",60.32,0,79.29," < 10","Primary",0.01,"Male"
"P-0007179-T03-IM6","PAAD","PAAD","PWK",60.62,0,65.48," < 10","Metastasis",0,"Female"
"P-0007202-T01-IM5","PAAD","PAAD","BK",21.19,1,62.41," < 10","Metastasis",0.019,"Female"
"P-0007215-T01-IM5","PAAD","PAAD","PMK",1.08,0,37.4," < 10","Metastasis",0.122,"Male"
"P-0007241-T01-IM5","PAAD","PAAD","PWK",47.21,1,67.43," < 10","Primary",0.002,"Male"
"P-0007276-T01-IM5","PAAD","PAAD","PWK",6.8,0,52.51," < 10","Primary",0.081,"Male"
"P-0007302-T01-IM5","PAAD","PAAD","PWK",11.96,0,79.68," < 10","Metastasis",0.001,"Male"
"P-0007330-T01-IM5","PAAD","PAAD","BK",18.73,1,57.42," < 10","Primary",0.007,"Female"
"P-0007333-T01-IM5","PAAD","PAAD","PWK",16.16,1,73.93," < 10","Primary",0,"Female"
"P-0007336-T01-IM5","PAAD","PAAD","PMK",5.42,1,42.29," < 10","Primary",0.068,"Male"
"P-0007338-T01-IM5","PAAD","PAAD","BK",59.89,0,62.21," < 10","Primary",0.046,"Female"
"P-0007408-T01-IM5","PAAD","PAAD","PWK",27.89,0,79.8," < 10","Primary",0.009,"Female"
"P-0007494-T01-IM5","PAAD","PAAD","PWK",5.22,1,71.82," < 10","Metastasis",0,"Male"
"P-0007502-T01-IM5","PAAD","PAAD","PMK",5.75,1,66.49," < 10","Primary",0.015,"Male"
"P-0007521-T01-IM5","PAAD","PAAD","PWK",16.85,1,40.03," < 10","Primary",0.055,"Female"
"P-0007604-T01-IM5","PAAD","PAAD","PMK",29.57,0,33.23," < 10","Primary",0.035,"Male"
"P-0007607-T01-IM5","PAAD","PAAD","PWK",59.6,0,73.19," < 10","Primary",0,"Male"
"P-0007624-T01-IM5","PAAD","PAAD","PWK",33.22,1,61.5," < 10","Metastasis",0.003,"Male"
"P-0007670-T01-IM5","PAAD","PAAD","PWK",6.93,1,62.92," < 10","Primary",0.204,"Female"
"P-0007678-T01-IM5","PAAD","PAAD","PWK",8.35,1,74.82," < 10","Primary",0.028,"Female"
"P-0007838-T01-IM5","PAAD","PAAD","BK",9.1,1,79.65," < 10","Metastasis",0.2,"Male"
"P-0007865-T01-IM5","PAAD","PAAD","PWK",2.76,1,53.99," < 10","Metastasis",0.257,"Female"
"P-0007898-T02-IM6","PAAD","PAAD","PWK",41.63,1,74.49," < 10","Metastasis",0.245,"Female"
"P-0007906-T01-IM5","PAAD","PAAD","BK",3.98,1,55.81," < 10","Metastasis",0.207,"Male"
"P-0007972-T01-IM5","PAAD","PAAD","PWK",5.19,1,72.78," < 10","Metastasis",0.001,"Female"
"P-0008013-T01-IM5","PAAD","PAAD","PWK",56.87,0,77.37," < 10","Primary",0.269,"Male"
"P-0008014-T01-IM5","PAAD","PAAD","PWK",23.82,1,67.18," < 10","Primary",0,"Male"
"P-0008041-T01-IM5","PAAD","PAAD","PMK",19.48,1,70.46," < 10","Primary",0.219,"Female"
"P-0008056-T01-IM5","PAAD","PAAD","BK",10.74,1,74.86," < 10","Metastasis",0.002,"Male"
"P-0008099-T01-IM5","PAAD","PAAD","BK",56.38,0,71.16," < 10","Primary",0.011,"Female"
"P-0008136-T01-IM5","PAAD","PAAD","PWK",24.02,1,66.73," < 10","Primary",0,"Female"
"P-0008154-T01-IM5","PAAD","PAAD","PWK",5.32,0,59.27," < 10","Primary",0.005,"Female"
"P-0008157-T01-IM5","PAAD","PAAD","BK",9.79,1,39.84," < 10","Metastasis",0.182,"Male"
"P-0008164-T01-IM5","PAAD","PAAD","BK",12.16,1,49.82," < 10","Metastasis",0.038,"Male"
"P-0008165-T01-IM5","PAAD","PAAD","BK",25.33,1,67.92," < 10","Primary",0.001,"Female"
"P-0008172-T01-IM5","PAAD","PAAD","PWK",38.77,1,53.07," < 10","Primary",0.064,"Female"
"P-0008175-T01-IM5","PAAD","PAAD","PWK",46.92,1,64.91," < 10","Primary",0.015,"Male"
"P-0008181-T01-IM5","PAAD","PAAD","PWK",63.21,0,47.94," < 10","Primary",0,"Female"
"P-0008224-T01-IM5","PAAD","PAAD","BK",42.25,1,59.51," < 10","Primary",0.022,"Male"
"P-0008245-T01-IM5","PAAD","PAAD","PWK",58.71,0,78.58," < 10","Primary",0.069,"Male"
"P-0008260-T01-IM5","PAAD","PAAD","PWK",7.2,1,33.89," < 10","Primary",0,"Female"
"P-0008371-T01-IM5","PAAD","PAAD","PMK",2.33,0,46.44," < 10","Primary",0.002,"Male"
"P-0008374-T01-IM5","PAAD","PAAD","BK",10.91,1,67.85," < 10","Primary",0,"Female"
"P-0008433-T01-IM5","PAAD","PAAD","PMK",0.53,1,56.95," < 10","Metastasis",0.377,"Female"
"P-0008458-T02-IM5","PAAD","PAAD","PMK",22.34,1,72.85," < 10","Metastasis",0.358,"Female"
"P-0008464-T02-IM5","PAAD","PAAD","BK",21.78,1,70.38," < 10","Primary",0.022,"Female"
"P-0008527-T01-IM5","PAAD","PAAD","PWK",12.81,1,49.17," < 10","Primary",0.025,"Male"
"P-0008644-T01-IM5","PAAD","PAAD","BK",16,0,69," < 10","Metastasis",0.07,"Female"
"P-0008674-T01-IM5","PAAD","PAAD","BK",4.04,1,73.94," < 10","Primary",0.063,"Male"
"P-0008706-T01-IM5","PAAD","PAAD","PWK",57.79,0,43.79," < 10","Primary",0.007,"Male"
"P-0008719-T01-IM5","PAAD","PAAD","BK",6.6,1,70.68," < 10","Metastasis",0,"Female"
"P-0008736-T01-IM5","PAAD","PAAD","BK",24.31,1,52.87," < 10","Metastasis",0.176,"Female"
"P-0008754-T01-IM5","PAAD","PAAD","PWK",44.35,1,55.99," < 10","Metastasis",0.004,"Male"
"P-0008761-T03-IM5","PAAD","PAAD","PMK",3.42,1,74.56," < 10","Metastasis",0.283,"Male"
"P-0008780-T02-IM5","PAAD","PAAD","PWK",41.66,1,65.97," < 10","Primary",0.04,"Male"
"P-0008790-T01-IM5","PAAD","PAAD","BK",16.92,1,61.11," < 10","Metastasis",0.241,"Female"
"P-0008818-T02-IM6","PAAD","PAAD","BK",10.97,1,69.46," < 10","Metastasis",0.006,"Male"
"P-0008838-T01-IM5","PAAD","PAAD","BK",56.84,0,77.24," < 10","Primary",0.072,"Female"
"P-0008862-T01-IM5","PAAD","PAAD","BK",27.6,1,55.26," < 10","Metastasis",0.056,"Female"
"P-0008906-T01-IM5","PAAD","PAAD","PMK",6.77,1,44.77," < 10","Primary",0.193,"Female"
"P-0008909-T01-IM5","PAAD","PAAD","PWK",37.62,1,52.53," < 10","Metastasis",0.237,"Male"
"P-0008911-T01-IM5","PAAD","PAAD","PMK",5.98,1,72.22," < 10","Metastasis",0.065,"Female"
"P-0008919-T01-IM5","PAAD","PAAD","BK",8.08,1,72.06," < 10","Metastasis",0.002,"Male"
"P-0008953-T01-IM5","PAAD","PAAD","PMK",0.36,1,66.8," < 10","Metastasis",0.026,"Male"
"P-0008967-T02-IM6","PAAD","PAAD","BK",56.18,0,58.92," < 10","Metastasis",0,"Female"
"P-0009045-T01-IM5","PAAD","PAAD","BK",6.83,1,80.46," < 10","Metastasis",0.266,"Female"
"P-0009047-T01-IM5","PAAD","PAAD","BK",20.67,1,66.23," < 10","Primary",0.004,"Female"
"P-0009063-T01-IM5","PAAD","PAAD","PWK",33.22,1,68.97," < 10","Primary",0.04,"Male"
"P-0009091-T01-IM5","PAAD","PAAD","PWK",35.38,1,74.22," < 10","Metastasis",0.07,"Male"
"P-0009093-T01-IM5","PAAD","PAAD","BK",13.57,1,80.63," < 10","Primary",0.119,"Male"
"P-0009098-T01-IM5","PAAD","PAAD","BK",27.3,1,67.41," < 10","Primary",0.05,"Female"
"P-0009109-T01-IM5","PAAD","PAAD","PWK",48.79,1,68.65," < 10","Primary",0.045,"Male"
"P-0009111-T01-IM5","PAAD","PAAD","BK",12.52,1,73.98," < 10","Primary",0.304,"Male"
"P-0009117-T01-IM5","PAAD","PAAD","PMK",12.06,1,75.93," < 10","Primary",0.09,"Male"
"P-0009141-T01-IM5","PAAD","PAAD","PWK",0,1,48.96," < 10","Metastasis",0.001,"Female"
"P-0009146-T01-IM5","PAAD","PAAD","BK",13.17,0,60.6," < 10","Metastasis",0.38,"Male"
"P-0009186-T01-IM5","PAAD","PAAD","BK",15.44,1,55.63," < 10","Primary",0.003,"Female"
"P-0009203-T01-IM5","PAAD","PAAD","PWK",10.91,1,56.39," < 10","Primary",0.091,"Male"
"P-0009228-T01-IM5","PAAD","PAAD","BK",9.2,1,58.04," < 10","Primary",0.342,"Male"
"P-0009254-T01-IM5","PAAD","PAAD","PWK",14.88,1,63.8," < 10","Primary",0.009,"Male"
"P-0009268-T01-IM5","PAAD","PAAD","PWK",8.15,1,58.26," < 10","Primary",0.002,"Female"
"P-0009270-T01-IM5","PAAD","PAAD","PWK",22.41,1,52.57," < 10","Primary",0.015,"Female"
"P-0009271-T01-IM5","PAAD","PAAD","PMK",1.28,1,50.53," < 10","Metastasis",0.143,"Male"
"P-0009288-T01-IM5","PAAD","PAAD","PWK",15.34,1,66.14," < 10","Primary",0.014,"Male"
"P-0009299-T01-IM5","PAAD","PAAD","PWK",5.62,1,49.8," < 10","Primary",0,"Male"
"P-0009310-T01-IM5","PAAD","PAAD","PMK",4.53,1,72.02," < 10","Primary",0.164,"Female"
"P-0009335-T01-IM5","PAAD","PAAD","BK",18.92,0,55.95," < 10","Metastasis",0,"Female"
"P-0009395-T01-IM5","PAAD","PAAD","BK",7.23,0,61.27," < 10","Primary",0.003,"Male"
"P-0009396-T01-IM5","PAAD","PAAD","PMK",7.03,1,55.68," < 10","Metastasis",0,"Male"
"P-0009404-T01-IM5","PAAD","PAAD","PWK",8.02,1,90," < 10","Primary",0.069,"Female"
"P-0009413-T01-IM5","PAAD","PAAD","BK",18.79,1,51.92," < 10","Primary",0.101,"Male"
"P-0009443-T01-IM5","PAAD","PAAD","BK",18.63,1,67.63," < 10","Metastasis",0.047,"Female"
"P-0009446-T01-IM5","PAAD","PAAD","PWK",55.72,0,82.1," < 10","Primary",0,"Male"
"P-0009465-T01-IM5","PAAD","PAAD","PWK",12.94,1,62.86," < 10","Primary",0.325,"Male"
"P-0009492-T01-IM5","PAAD","PAAD","PWK",18.14,1,75.93," < 10","Metastasis",0,"Female"
"P-0009515-T01-IM5","PANET","PAAD","BK",20.96,0,64.42," < 10","Primary",0.11,"Female"
"P-0009530-T01-IM5","PAAD","PAAD","BK",5.03,0,59.14," < 10","Metastasis",0.236,"Male"
"P-0009647-T01-IM5","PAAD","PAAD","PWK",1.71,1,55.59," < 10","Metastasis",0.364,"Male"
"P-0009758-T01-IM5","PAAD","PAAD","BK",12.02,0,50.88," < 10","Primary",0.004,"Female"
"P-0009765-T01-IM5","PAAD","PAAD","BK",16.92,1,66.4," < 10","Primary",0.009,"Male"
"P-0009813-T01-IM5","PAAD","PAAD","PMK",43.14,0,50.52," < 10","Primary",0.271,"Male"
"P-0009827-T01-IM5","PAAD","PAAD","PMK",20.3,1,58.83," < 10","Primary",0.043,"Female"
"P-0009836-T01-IM5","PAAD","PAAD","PWK",36.24,0,72.52," < 10","Primary",0.003,"Female"
"P-0009845-T01-IM5","PAAD","PAAD","PWK",26.09,1,62.19," < 10","Metastasis",0.088,"Female"
"P-0009848-T01-IM5","PAAD","PAAD","BK",14.19,1,81.4," < 10","Primary",0.019,"Male"
"P-0009854-T01-IM5","PAAD","PAAD","PWK",0,0,72.61," < 10","Primary",0.001,"Male"
"P-0009858-T01-IM5","PAAD","PAAD","BK",3.78,1,67.45," >= 10","Metastasis",0.033,"Male"
"P-0009860-T01-IM5","PAAD","PAAD","PWK",0,1,68.7," < 10","Primary",0.025,"Male"
"P-0009870-T01-IM5","PAAD","PAAD","BK",31.51,1,66.9," < 10","Primary",0.054,"Male"
"P-0009911-T01-IM5","PAAD","PAAD","BK",0.59,1,64.77," < 10","Metastasis",0.026,"Female"
"P-0009943-T01-IM5","PAAD","PAAD","BK",26.25,1,60.79," < 10","Primary",0.001,"Male"
"P-0009953-T01-IM5","PAAD","PAAD","PWK",52.96,0,62.08," < 10","Primary",0,"Male"
"P-0009965-T01-IM5","PAAD","PAAD","PWK",18.86,1,78.29," < 10","Primary",0.007,"Female"
"P-0009974-T01-IM5","PAAD","PAAD","PWK",44.62,0,68.83," < 10","Primary",0,"Male"
"P-0009981-T01-IM5","PAAD","PAAD","PMK",12.25,1,64.27," < 10","Metastasis",0.332,"Male"
"P-0010000-T02-IM6","PAAD","PAAD","BK",4.3,1,50.46," < 10","Metastasis",0.01,"Male"
"P-0010067-T01-IM5","PAAD","PAAD","PWK",22.05,1,67.93," < 10","Metastasis",0.004,"Male"
"P-0010091-T01-IM5","PAAD","PAAD","PWK",21.03,1,75.84," < 10","Primary",0.062,"Female"
"P-0010093-T01-IM5","PAAD","PAAD","BK",9.89,1,75.04," < 10","Metastasis",0.33,"Female"
"P-0010105-T01-IM5","PAAD","PAAD","PMK",17.74,1,45.61," < 10","Primary",0,"Female"
"P-0010132-T01-IM5","PAAD","PAAD","PMK",3.84,1,56.9," < 10","Metastasis",0.112,"Male"
"P-0010163-T01-IM5","PAAD","PAAD","PMK",15.51,1,70.97," < 10","Primary",0.141,"Female"
"P-0010166-T01-IM5","PAAD","PAAD","BK",9.69,1,73.62," < 10","Metastasis",0.049,"Male"
"P-0010176-T01-IM5","PAAD","PAAD","PWK",55.1,0,60," < 10","Primary",0.001,"Female"
"P-0010195-T01-IM5","PAAD","PAAD","PMK",3.98,1,89.72," < 10","Primary",0.131,"Female"
"P-0010208-T01-IM5","PAAD","PAAD","PWK",9.76,1,69.12," < 10","Primary",0.076,"Female"
"P-0010223-T01-IM5","PAAD","PAAD","BK",55.36,0,74.55," < 10","Primary",0.602,"Female"
"P-0010228-T01-IM5","PAAD","PAAD","PMK",26.12,1,64.18," < 10","Primary",0.035,"Female"
"P-0010246-T01-IM5","PAAD","PAAD","BK",28.29,1,66.03," < 10","Primary",0.009,"Male"
"P-0010255-T01-IM5","PAAD","PAAD","PWK",7.46,1,73.22," < 10","Metastasis",0.197,"Female"
"P-0010262-T01-IM5","PAAD","PAAD","BK",1.71,1,49.52," < 10","Primary",0.04,"Female"
"P-0010303-T01-IM5","PAAD","PAAD","BK",18.1,1,45.59," < 10","Primary",0.185,"Male"
"P-0010372-T01-IM5","PAAD","PAAD","PWK",6.37,1,48.84," < 10","Metastasis",0.003,"Male"
"P-0010373-T01-IM5","PAAD","PAAD","BK",4.93,1,61.63," < 10","Metastasis",0.163,"Male"
"P-0010383-T01-IM5","PAAD","PAAD","PMK",6.44,1,69.1," < 10","Metastasis",0.23,"Male"
"P-0010387-T01-IM5","PAAD","PAAD","BK",29.9,1,71.32," < 10","Primary",0.005,"Female"
"P-0010394-T01-IM5","PAAD","PAAD","PMK",18.23,1,62.79," < 10","Primary",0.008,"Female"
"P-0010452-T01-IM5","PAAD","PAAD","PMK",4.11,1,56.13," < 10","Primary",0.409,"Male"
"P-0010689-T01-IM5","PAAD","PAAD","PWK",6.93,1,59.48," < 10","Metastasis",0.156,"Female"
"P-0010691-T01-IM5","PAAD","PAAD","PWK",15.74,1,66.89," < 10","Metastasis",0.048,"Male"
"P-0010716-T01-IM5","PAAD","PAAD","BK",23.98,1,63.63," < 10","Primary",0.001,"Female"
"P-0010788-T01-IM5","PAAD","PAAD","BK",18.63,1,72.27," < 10","Primary",0.088,"Male"
"P-0010790-T01-IM5","PAAD","PAAD","BK",4.73,1,69.37," < 10","Primary",0.049,"Male"
"P-0010804-T01-IM5","PAAD","PAAD","BK",20.27,1,66.22," < 10","Primary",0.002,"Male"
"P-0010814-T01-IM5","PAAD","PAAD","BK",15.15,1,63.97," < 10","Metastasis",0.236,"Male"
"P-0010824-T01-IM5","PAAD","PAAD","PWK",10.15,1,52.89," < 10","Metastasis",0.425,"Female"
"P-0010837-T02-IM5","PAAD","PAAD","PWK",33.05,1,74.54," < 10","Primary",0.008,"Female"
"P-0010839-T01-IM5","PAAD","PAAD","PMK",6.64,1,56.79," < 10","Metastasis",0.281,"Male"
"P-0010852-T01-IM5","PAAD","PAAD","PWK",19.81,1,50.62," < 10","Primary",0.147,"Male"
"P-0010854-T01-IM5","PAAD","PAAD","PWK",2.46,1,62.86," < 10","Primary",0.002,"Male"
"P-0010948-T01-IM5","PAAD","PAAD","BK",8.9,1,69.84," >= 10","Metastasis",0.291,"Female"
"P-0010988-T01-IM5","PAAD","PAAD","PMK",24.28,1,58.78," < 10","Primary",0.006,"Male"
"P-0011044-T01-IM5","PAAD","PAAD","BK",13.96,1,71.44," >= 10","Metastasis",0.378,"Male"
"P-0011066-T01-IM5","PAAD","PAAD","BK",43.8,0,62.35," < 10","Metastasis",0.026,"Female"
"P-0011115-T01-IM5","PAAD","PAAD","PWK",0,0,72.73," < 10","Primary",0.001,"Female"
"P-0011135-T01-IM5","PAAD","PAAD","BK",23.92,1,65.39," < 10","Metastasis",0.17,"Male"
"P-0011191-T01-IM5","PAAD","PAAD","PMK",39.16,1,77.21," < 10","Metastasis",0.281,"Female"
"P-0011208-T01-IM5","PAAD","PAAD","BK",17.15,0,59.36," < 10","Primary",0.337,"Female"
"P-0011265-T01-IM5","PAAD","PAAD","PWK",49.68,1,58.45," < 10","Primary",0,"Male"
"P-0011285-T01-IM5","PAAD","PAAD","PWK",0,0,74.49," < 10","Metastasis",0.063,"Female"
"P-0011339-T01-IM5","PAAD","PAAD","PWK",12.48,1,77.42," < 10","Metastasis",0.184,"Male"
"P-0011341-T01-IM5","PAAD","PAAD","PWK",9.92,1,86.48," < 10","Primary",0.005,"Female"
"P-0011361-T01-IM5","PAAD","PAAD","PWK",15.24,1,66.44," < 10","Primary",0.134,"Female"
"P-0011371-T01-IM5","PAAD","PAAD","PWK",11.04,1,71.01," < 10","Primary",0.001,"Male"
"P-0011379-T01-IM5","PAAD","PAAD","PWK",1.64,1,67.99," < 10","Primary",0.004,"Female"
"P-0011435-T01-IM5","PAAD","PAAD","BK",5.72,1,75.84," < 10","Primary",0.274,"Male"
"P-0011469-T01-IM5","PAAD","PAAD","BK",17.15,1,39.4," < 10","Metastasis",0.028,"Male"
"P-0011481-T01-IM5","PAAD","PAAD","BK",49.64,0,68.37," < 10","Primary",0.022,"Male"
"P-0011513-T01-IM5","PAAD","PAAD","PWK",16.85,1,54.35," < 10","Primary",0.075,"Male"
"P-0011527-T01-IM5","PAAD","PAAD","PWK",17.58,1,68.36," < 10","Metastasis",0.005,"Male"
"P-0011554-T01-IM5","PAAD","PAAD","PWK",52.01,0,79.84," < 10","Metastasis",0.102,"Female"
"P-0011555-T01-IM5","PAAD","PAAD","BK",0,0,73.39," < 10","Metastasis",0.324,"Female"
"P-0012010-T01-IM5","PAAD","PAAD","BK",3.35,1,56.77," < 10","Primary",0.01,"Female"
"P-0012041-T01-IM5","PAAD","PAAD","PWK",5.68,1,65.43," < 10","Metastasis",0.389,"Female"
"P-0012078-T01-IM5","PAAD","PAAD","PMK",4.37,1,51.4," < 10","Metastasis",0.001,"Female"
"P-0012106-T01-IM5","PAAD","PAAD","PWK",2.96,1,74.4," < 10","Metastasis",0.079,"Male"
"P-0012112-T01-IM5","PAAD","PAAD","BK",8.21,1,82.95," < 10","Primary",0.451,"Male"
"P-0012118-T01-IM5","PAAD","PAAD","PWK",1.22,1,58.99," < 10","Metastasis",0.004,"Male"
"P-0012139-T01-IM5","PAAD","PAAD","BK",2.63,1,71.52," < 10","Primary",0.005,"Male"
"P-0012143-T01-IM5","PAAD","PAAD","BK",27.2,1,61.68," < 10","Primary",0.249,"Female"
"P-0012210-T01-IM5","PAAD","PAAD","PWK",6.14,1,66.35," < 10","Primary",0.067,"Female"
"P-0012215-T01-IM5","PAAD","PAAD","PWK",50.86,0,68.04," < 10","Primary",0.013,"Female"
"P-0012224-T01-IM5","PAAD","PAAD","PWK",7.03,1,68.95," < 10","Primary",0.011,"Male"
"P-0012252-T01-IM5","PAAD","PAAD","BK",8.28,1,58.03," < 10","Metastasis",0.378,"Male"
"P-0012283-T01-IM5","PAAD","PAAD","PWK",5.88,1,78.14," < 10","Primary",0.003,"Male"
"P-0012289-T02-IM6","PAAD","PAAD","PMK",12.42,1,65.84," < 10","Primary",0.043,"Male"
"P-0012329-T01-IM5","PAAD","PAAD","PMK",4.34,1,61.39," < 10","Metastasis",0.302,"Female"
"P-0012336-T01-IM5","PAAD","PAAD","PMK",2.79,1,78.18," < 10","Metastasis",0.064,"Female"
"P-0012365-T01-IM5","PAAD","PAAD","BK",29.04,1,67.91," < 10","Primary",0.004,"Male"
"P-0012371-T01-IM5","PAAD","PAAD","PWK",0.33,1,63.97," < 10","Metastasis",0,"Male"
"P-0012409-T01-IM5","PAAD","PAAD","PWK",8.94,1,73.38," < 10","Primary",0.221,"Female"
"P-0012413-T01-IM5","PAAD","PAAD","BK",2.17,1,54.99," < 10","Primary",0.003,"Male"
"P-0012442-T01-IM5","PAAD","PAAD","PWK",17.94,1,76.19," < 10","Primary",0.069,"Female"
"P-0012504-T01-IM5","PAAD","PAAD","BK",4.11,1,69.16," < 10","Metastasis",0.132,"Female"
"P-0012505-T01-IM5","PAAD","PAAD","PMK",5.22,1,48.05," < 10","Metastasis",0.465,"Female"
"P-0012523-T01-IM5","PAAD","PAAD","PWK",0,0,72.06," < 10","Primary",0.04,"Female"
"P-0012533-T01-IM5","PAAD","PAAD","BK",11.83,1,51.45," < 10","Primary",0.049,"Male"
"P-0012535-T01-IM5","PAAD","PAAD","PWK",15.51,1,70.33," < 10","Metastasis",0.03,"Male"
"P-0012556-T01-IM5","PAAD","PAAD","PWK",20.37,1,74.08," < 10","Primary",0.002,"Male"
"P-0012579-T01-IM5","PAAD","PAAD","BK",28.29,1,89.3," < 10","Primary",0.062,"Female"
"P-0012586-T01-IM5","PAAD","PAAD","BK",0.07,0,65.16," < 10","Metastasis",0.386,"Male"
"P-0012641-T01-IM5","PAAD","PAAD","PMK",47.25,1,71.06," < 10","Primary",0.004,"Female"
"P-0012645-T01-IM5","PAAD","PAAD","PWK",52.5,1,78.52," < 10","Primary",0.006,"Female"
"P-0012661-T01-IM5","PAAD","PAAD","PWK",0.23,0,81.15," < 10","Primary",0.018,"Male"
"P-0012688-T01-IM5","PAAD","PAAD","PWK",34.43,1,61.11," < 10","Primary",0.003,"Female"
"P-0012733-T01-IM5","PAAD","PAAD","PWK",24.51,1,68.05," < 10","Primary",0.003,"Female"
"P-0012735-T01-IM5","PAAD","PAAD","BK",10.12,1,72.85," < 10","Primary",0.003,"Male"
"P-0012751-T01-IM5","PAAD","PAAD","BK",27.73,1,75.23," < 10","Primary",0.179,"Male"
"P-0012814-T01-IM5","PAAD","PAAD","PWK",50.79,1,76.47," < 10","Primary",0.003,"Male"
"P-0012827-T01-IM5","PAAD","PAAD","BK",5.32,1,70.11," < 10","Primary",0.087,"Female"
"P-0012844-T01-IM5","PAAD","PAAD","PWK",11.79,1,80.92," < 10","Primary",0.004,"Female"
"P-0012891-T01-IM5","PAAD","PAAD","PWK",51.09,0,68.7," >= 10","Primary",0.095,"Male"
"P-0012921-T01-IM5","PAAD","PAAD","PWK",15.24,1,62.64," < 10","Metastasis",0.108,"Male"
"P-0012926-T01-IM5","PAAD","PAAD","PWK",1.12,1,74.31," < 10","Metastasis",0.055,"Female"
"P-0012972-T01-IM5","PAAD","PAAD","BK",49.94,0,69.69," < 10","Primary",0.067,"Female"
"P-0013009-T01-IM5","PAAD","PAAD","PWK",8.58,1,88.48," < 10","Primary",0.17,"Female"
"P-0013019-T01-IM5","PAAD","PAAD","PMK",22.8,1,65.39," < 10","Primary",0.004,"Male"
"P-0013021-T01-IM5","PAAD","PAAD","BK",14.36,1,76.98," < 10","Primary",0.001,"Male"
"P-0013053-T01-IM5","PAAD","PAAD","PMK",4.7,0,55.56," < 10","Metastasis",0.654,"Male"
"P-0013083-T01-IM5","PAAD","PAAD","BK",2.83,1,81.21," < 10","Metastasis",0.001,"Male"
"P-0013153-T01-IM5","PAAD","PAAD","PMK",18.73,1,79.96," < 10","Metastasis",0.002,"Female"
"P-0013220-T01-IM5","PAAD","PAAD","PWK",11.07,1,55.55," < 10","Metastasis",0.001,"Male"
"P-0013222-T01-IM5","PAAD","PAAD","PWK",8.77,1,74.09," < 10","Primary",0.264,"Male"
"P-0013226-T01-IM5","PAAD","PAAD","PWK",6.44,1,57.48," < 10","Metastasis",0.021,"Male"
"P-0013286-T01-IM5","PAAD","PAAD","PWK",11.24,1,58.58," < 10","Metastasis",0.252,"Male"
"P-0013310-T01-IM5","PAAD","PAAD","BK",0.16,1,58.64," < 10","Primary",0.007,"Male"
"P-0013317-T01-IM5","PAAD","PAAD","BK",20.01,0,70.88," < 10","Primary",0.171,"Male"
"P-0013319-T01-IM5","PAAD","PAAD","PMK",46.75,0,76.87," < 10","Primary",0.008,"Male"
"P-0013328-T02-IM5","PAAD","PAAD","PWK",46.23,1,74.08," < 10","Primary",0.001,"Male"
"P-0013337-T01-IM5","PAAD","PAAD","BK",14,1,73.95," < 10","Primary",0,"Female"
"P-0013346-T01-IM5","PAAD","PAAD","PMK",0.85,1,63.38," < 10","Primary",0.261,"Female"
"P-0013391-T01-IM5","PAAD","PAAD","BK",37.32,1,66.34," < 10","Primary",0.132,"Male"
"P-0013416-T01-IM5","PAAD","PAAD","PWK",2.04,1,64.48," < 10","Metastasis",0.093,"Male"
"P-0013450-T01-IM5","PAAD","PAAD","BK",16.43,1,68.64," < 10","Primary",0.201,"Male"
"P-0013456-T01-IM5","PAAD","PAAD","BK",10.15,1,75.12," < 10","Metastasis",0.172,"Male"
"P-0013487-T01-IM5","PAAD","PAAD","PWK",21.29,1,60.09," < 10","Metastasis",0.093,"Male"
"P-0013496-T01-IM5","PAAD","PAAD","PWK",46.92,0,83.32," < 10","Primary",0.001,"Male"
"P-0013499-T01-IM5","PAAD","PAAD","BK",3.48,1,63.2," < 10","Metastasis",0.196,"Female"
"P-0013504-T01-IM5","PAAD","PAAD","PWK",39.69,1,63.98," < 10","Primary",0,"Female"
"P-0013528-T01-IM5","PAAD","PAAD","PWK",19.29,1,75.66," < 10","Primary",0.004,"Male"
"P-0013532-T01-IM5","PAAD","PAAD","PWK",2.6,1,75.27," < 10","Metastasis",0.001,"Female"
"P-0013564-T01-IM5","PAAD","PAAD","PWK",50.7,0,76.54," < 10","Primary",0.015,"Female"
"P-0013565-T01-IM5","PAAD","PAAD","PWK",1.51,1,77.71," < 10","Metastasis",0.347,"Male"
"P-0013571-T01-IM5","PAAD","PAAD","BK",12.22,1,87.03," < 10","Primary",0.011,"Male"
"P-0013628-T01-IM5","PAAD","PAAD","BK",1.48,1,65.86," < 10","Metastasis",0.546,"Male"
"P-0013651-T01-IM5","PAAD","PAAD","PMK",2.4,1,86.04," >= 10","Metastasis",0.804,"Female"
"P-0013709-T01-IM5","PAAD","PAAD","PWK",4.8,1,67.82," < 10","Metastasis",0.523,"Female"
"P-0013714-T01-IM5","PAAD","PAAD","BK",5.98,1,63.1," < 10","Metastasis",0.148,"Female"
"P-0013766-T01-IM5","PAAD","PAAD","BK",6.67,0,67.64," < 10","Primary",0.136,"Female"
"P-0013792-T01-IM5","PAAD","PAAD","PMK",43.14,1,63.03," < 10","Metastasis",0.061,"Female"
"P-0013824-T01-IM5","PAAD","PAAD","BK",2.96,1,55.44," < 10","Primary",0.005,"Male"
"P-0013829-T01-IM5","PAAD","PAAD","PWK",16.26,1,65.43," < 10","Primary",0.004,"Male"
"P-0013830-T01-IM5","PAAD","PAAD","BK",9.79,1,68.39," < 10","Primary",0.038,"Male"
"P-0013839-T01-IM5","PAAD","PAAD","PMK",13.73,1,60.57," < 10","Metastasis",0,"Female"
"P-0013866-T01-IM5","PAAD","PAAD","PWK",17.31,1,79.17," < 10","Primary",0.167,"Female"
"P-0013870-T01-IM5","PAAD","PAAD","PWK",22.18,1,52.84," < 10","Metastasis",0.015,"Female"
"P-0013899-T01-IM5","PAAD","PAAD","BK",37.95,1,65.65," < 10","Metastasis",0.1,"Female"
"P-0013921-T01-IM5","PAAD","PAAD","BK",35.12,1,67.22," < 10","Metastasis",0.028,"Female"
"P-0013924-T01-IM5","PAAD","PAAD","BK",46,1,68.35," < 10","Primary",0.17,"Female"
"P-0014036-T01-IM5","PANET","PAAD","PWK",49.12,1,60.36," < 10","Metastasis",0.944,"Female"
"P-0014039-T01-IM5","PAAD","PAAD","PWK",10.09,1,54.6," < 10","Primary",0.014,"Male"
"P-0014070-T01-IM5","PAAD","PAAD","BK",36.5,1,54.86," < 10","Metastasis",0.151,"Female"
"P-0014115-T01-IM5","PAAD","PAAD","PMK",1.22,1,61.41," >= 10","Primary",0.026,"Female"
"P-0014123-T01-IM5","PAAD","PAAD","PWK",1.91,1,48.15," < 10","Metastasis",0.017,"Female"
"P-0014140-T01-IM5","PAAD","PAAD","BK",17.12,0,64.61," < 10","Primary",0.001,"Female"
"P-0014144-T01-IM5","PAAD","PAAD","BK",50.3,0,66.52," < 10","Metastasis",0.31,"Female"
"P-0014158-T01-IM5","PAAD","PAAD","PWK",9.5,1,61.29," < 10","Metastasis",0.332,"Male"
"P-0014160-T01-IM5","PAAD","PAAD","PWK",49.51,0,65.56," < 10","Metastasis",0.002,"Male"
"P-0014197-T01-IM6","PAAD","PAAD","PWK",2.76,1,72.58," < 10","Primary",0.015,"Male"
"P-0014228-T01-IM6","PAAD","PAAD","BK",8.48,1,65.82," < 10","Primary",0,"Male"
"P-0014275-T02-IM6","PAAD","PAAD","PWK",22.31,1,61.62," < 10","Metastasis",0.137,"Female"
"P-0014300-T01-IM6","PAAD","PAAD","PMK",0,0,48.96," < 10","Primary",0.216,"Female"
"P-0014329-T01-IM6","PAAD","PAAD","BK",3.42,1,58.03," < 10","Primary",0.427,"Female"
"P-0014339-T01-IM6","PAAD","PAAD","BK",27.47,1,66.47," < 10","Primary",0.012,"Female"
"P-0014383-T01-IM6","PAAD","PAAD","BK",13.44,1,80.85," < 10","Primary",0.024,"Female"
"P-0014423-T01-IM6","PAAD","PAAD","BK",21.98,1,76.09," < 10","Metastasis",0.001,"Male"
"P-0014457-T01-IM6","PAAD","PAAD","PMK",0,1,48.57," < 10","Metastasis",0.04,"Female"
"P-0014462-T01-IM6","PAAD","PAAD","PMK",0.33,0,69.84," < 10","Metastasis",0.141,"Female"
"P-0014512-T01-IM6","PAAD","PAAD","PWK",6.6,1,67.59," < 10","Primary",0.008,"Male"
"P-0014610-T01-IM6","PAAD","PAAD","BK",3.29,1,55.59," < 10","Metastasis",0.445,"Male"
"P-0014621-T01-IM6","PAAD","PAAD","BK",8.35,1,69.97," < 10","Metastasis",0.256,"Male"
"P-0014635-T01-IM6","PAAD","PAAD","PWK",19.02,1,73.56," < 10","Metastasis",0.011,"Male"
"P-0014670-T01-IM6","PAAD","PAAD","PWK",22.97,0,53.67," < 10","Primary",0.001,"Male"
"P-0014684-T01-IM6","PAAD","PAAD","BK",0.49,1,58.12," < 10","Metastasis",0.143,"Male"
"P-0014690-T01-IM6","PAAD","PAAD","PWK",8.21,1,67.02," < 10","Primary",0.034,"Female"
"P-0014704-T01-IM6","PAAD","PAAD","BK",9.89,1,73.28," < 10","Primary",0.203,"Male"
"P-0014727-T01-IM6","PAAD","PAAD","BK",10.68,1,70.04," < 10","Primary",0.01,"Female"
"P-0014738-T01-IM6","PAAD","PAAD","PWK",13.96,0,69.72," < 10","Primary",0.105,"Female"
"P-0014823-T01-IM6","PAAD","PAAD","PWK",18.3,1,77.51," < 10","Metastasis",0.167,"Female"
"P-0014849-T01-IM6","PAAD","PAAD","BK",6.9,1,67.13," < 10","Primary",0.409,"Female"
"P-0014914-T01-IM6","PAAD","PAAD","BK",44.62,0,55.97," < 10","Primary",0.006,"Female"
"P-0014930-T01-IM6","PAAD","PAAD","PWK",7.03,1,63.39," < 10","Metastasis",0.002,"Female"
"P-0015009-T01-IM6","PAAD","PAAD","BK",45.21,1,57.41," < 10","Primary",0,"Male"
"P-0015040-T02-IM6","PAAD","PAAD","BK",47.21,0,62.43," < 10","Metastasis",0.249,"Female"
"P-0015108-T01-IM6","PAAD","PAAD","PWK",10.84,1,72.89," < 10","Metastasis",0.025,"Female"
"P-0015120-T01-IM6","PAAD","PAAD","PWK",37.13,1,68.13," < 10","Primary",0.196,"Female"
"P-0015123-T01-IM6","PAAD","PAAD","PWK",2.86,0,80.01," < 10","Metastasis",0.002,"Male"
"P-0015140-T01-IM6","PANET","PAAD","BK",34.14,1,78.84," >= 10","Metastasis",0.969,"Female"
"P-0015175-T01-IM6","PAAD","PAAD","PWK",6.21,1,71.47," < 10","Primary",0.052,"Female"
"P-0015193-T01-IM6","PAAD","PAAD","BK",6.77,1,71.52," < 10","Primary",0.014,"Female"
"P-0015212-T01-IM6","PAAD","PAAD","PWK",1.91,1,77.99," < 10","Metastasis",0.046,"Male"
"P-0015218-T01-IM6","PAAD","PAAD","BK",15.05,1,65.54," < 10","Metastasis",0.001,"Male"
"P-0015236-T01-IM6","PAAD","PAAD","PWK",30.88,1,82.9," < 10","Primary",0.078,"Male"
"P-0015255-T01-IM6","PAAD","PAAD","BK",47.84,0,68.23," < 10","Primary",0.239,"Male"
"P-0015362-T01-IM6","PAAD","PAAD","PWK",0,0,70.35," < 10","Primary",0.3,"Female"
"P-0015384-T01-IM6","PAAD","PAAD","BK",43.47,1,52.53," < 10","Primary",0,"Female"
"P-0015389-T01-IM6","PAAD","PAAD","PWK",2.96,0,58.93," < 10","Primary",0.001,"Male"
"P-0015390-T01-IM6","PAAD","PAAD","PWK",30.85,1,72.56," < 10","Primary",0,"Male"
"P-0015422-T01-IM6","PAAD","PAAD","PMK",17.61,1,65.05," < 10","Metastasis",0.485,"Female"
"P-0015528-T01-IM6","PAAD","PAAD","BK",0,0,66.83," < 10","Primary",0,"Female"
"P-0015541-T01-IM6","PAAD","PAAD","BK",36.44,1,79.57," < 10","Primary",0.001,"Female"
"P-0015594-T01-IM6","PAAD","PAAD","BK",0.69,1,51.97," < 10","Primary",0.017,"Female"
"P-0015668-T01-IM6","PAAD","PAAD","BK",12.58,1,59.61," < 10","Metastasis",0.063,"Male"
"P-0015672-T01-IM6","PAAD","PAAD","BK",44.09,1,66.71," < 10","Primary",0.061,"Female"
"P-0015675-T01-IM6","PAAD","PAAD","PWK",27.57,1,75.22," < 10","Primary",0.053,"Female"
"P-0015683-T01-IM6","PAAD","PAAD","BK",47.44,0,66.95," < 10","Primary",0.01,"Male"
"P-0015701-T01-IM6","PAAD","PAAD","PWK",16.23,1,43.9," < 10","Metastasis",0.345,"Female"
"P-0015703-T01-IM6","PAAD","PAAD","PWK",42.12,1,75.1," < 10","Primary",0.062,"Female"
"P-0015714-T01-IM6","PAAD","PAAD","PWK",1.08,1,86.77," < 10","Primary",0.136,"Female"
"P-0015729-T01-IM6","PAAD","PAAD","BK",47.61,1,58.89," < 10","Primary",0,"Female"
"P-0015733-T01-IM6","PAAD","PAAD","PWK",1.74,0,73.59," < 10","Metastasis",0.005,"Male"
"P-0015746-T01-IM6","PAAD","PAAD","BK",17.54,1,80.51," < 10","Metastasis",0.261,"Female"
"P-0015769-T01-IM6","PAAD","PAAD","PMK",3.06,1,69.38," < 10","Primary",0.134,"Male"
"P-0015795-T01-IM6","PAAD","PAAD","PMK",13.21,1,67.45," < 10","Primary",0.564,"Male"
"P-0015818-T01-IM6","PAAD","PAAD","PWK",7.66,1,52.99," < 10","Metastasis",0.291,"Male"
"P-0015820-T01-IM6","PAAD","PAAD","PWK",14.88,1,80.99," < 10","Primary",0.101,"Male"
"P-0015824-T01-IM6","PAAD","PAAD","PWK",9.89,1,54.77," < 10","Primary",0.022,"Male"
"P-0015829-T01-IM6","PAAD","PAAD","BK",46.95,0,63.57," < 10","Primary",0.157,"Female"
"P-0015857-T01-IM6","PAAD","PAAD","PWK",6.11,1,64.57," < 10","Primary",0.001,"Male"
"P-0015872-T01-IM6","PAAD","PAAD","PWK",29.24,1,73.11," < 10","Primary",0,"Male"
"P-0015883-T01-IM6","PAAD","PAAD","BK",13.37,1,57.47," < 10","Primary",0.001,"Female"
"P-0015918-T02-IM6","PAAD","PAAD","PWK",44.78,1,58.87," < 10","Metastasis",0.01,"Female"
"P-0015939-T01-IM6","PAAD","PAAD","PMK",5.98,1,75.75," < 10","Metastasis",0.002,"Male"
"P-0015971-T01-IM6","PAAD","PAAD","BK",17.28,1,53.37," < 10","Primary",0.164,"Female"
"P-0016137-T01-IM6","PAAD","PAAD","PWK",0,0,49.68," < 10","Metastasis",0.343,"Female"
"P-0016201-T01-IM6","PAAD","PAAD","BK",46.23,0,61.25," < 10","Primary",0.257,"Female"
"P-0016242-T01-IM6","PAAD","PAAD","BK",3.19,1,56.07," < 10","Metastasis",0.22,"Female"
"P-0016253-T01-IM6","PAAD","PAAD","BK",11.66,1,69.11," < 10","Primary",0,"Female"
"P-0016267-T01-IM6","PAAD","PAAD","PWK",7.56,1,65.64," < 10","Metastasis",0.003,"Female"
"P-0016268-T01-IM6","PAAD","PAAD","PWK",47.08,0,76.4," < 10","Primary",0.002,"Male"
"P-0016292-T01-IM6","PAAD","PAAD","PWK",39.89,1,59.34," < 10","Metastasis",0,"Female"
"P-0016359-T01-IM6","PAAD","PAAD","BK",14.16,1,80.22," < 10","Metastasis",0.227,"Male"
"P-0016372-T01-IM6","PAAD","PAAD","BK",0.95,0,85.81," < 10","Metastasis",0.005,"Male"
"P-0016377-T01-IM6","PAAD","PAAD","PWK",44.45,0,63.97," < 10","Primary",0,"Female"
"P-0016388-T01-IM6","PAAD","PAAD","PMK",4.76,1,49.2," < 10","Primary",0,"Male"
"P-0016390-T01-IM6","PAAD","PAAD","PMK",0,0,44.87," < 10","Metastasis",0.068,"Male"
"P-0016407-T01-IM6","PAAD","PAAD","PWK",40.71,1,40.41," < 10","Primary",0.135,"Male"
"P-0016434-T01-IM6","PAAD","PAAD","BK",7.98,1,72.26," < 10","Primary",0.018,"Female"
"P-0016438-T01-IM6","PAAD","PAAD","BK",6.37,1,52.05," < 10","Primary",0.265,"Female"
"P-0016497-T01-IM6","PAAD","PAAD","PWK",8.38,1,75.88," < 10","Metastasis",0,"Male"
"P-0016577-T01-IM6","PAAD","PAAD","BK",2.27,1,59.06," < 10","Metastasis",0.158,"Male"
"P-0016579-T01-IM6","PAAD","PAAD","BK",1.81,1,81.26," < 10","Metastasis",0.179,"Male"
"P-0016583-T01-IM6","PAAD","PAAD","PWK",2.27,1,56.5," < 10","Metastasis",0.043,"Male"
"P-0016597-T01-IM6","PAAD","PAAD","BK",1.77,1,74.2," < 10","Metastasis",0.027,"Male"
"P-0016605-T01-IM6","PAAD","PAAD","BK",3.09,1,61.8," < 10","Metastasis",0.186,"Male"
"P-0016685-T01-IM6","PAAD","PAAD","PWK",3.61,0,52.65," < 10","Primary",0.001,"Female"
"P-0016694-T01-IM6","PAAD","PAAD","PWK",36.04,1,63.29," < 10","Primary",0,"Male"
"P-0016710-T01-IM6","PAAD","PAAD","PWK",1.97,1,53.8," < 10","Metastasis",0.153,"Female"
"P-0016717-T01-IM6","PAAD","PAAD","PWK",13.24,0,44.44," < 10","Primary",0.004,"Male"
"P-0016797-T01-IM6","PAAD","PAAD","PMK",42.65,1,73.26," < 10","Primary",0.002,"Female"
"P-0016817-T01-IM6","PAAD","PAAD","PWK",9.63,1,80.99," < 10","Primary",0.358,"Female"
"P-0016873-T02-IM6","PAAD","PAAD","BK",47.48,0,58.63," < 10","Metastasis",0.187,"Female"
"P-0016926-T01-IM6","PAAD","PAAD","PWK",10.05,1,78.23," < 10","Primary",0.106,"Female"
"P-0016939-T01-IM6","PAAD","PAAD","PWK",21.98,1,66.81," < 10","Metastasis",0.135,"Female"
"P-0016950-T01-IM6","PAAD","PAAD","PWK",6.44,0,52.01," < 10","Primary",0,"Male"
"P-0016973-T01-IM6","PAAD","PAAD","BK",1.94,1,74.43," < 10","Metastasis",0.222,"Female"
"P-0016992-T01-IM6","PAAD","PAAD","PWK",9.1,1,65.5," < 10","Primary",0.126,"Female"
"P-0017040-T01-IM6","PAAD","PAAD","BK",21.29,0,78.14," < 10","Primary",0.308,"Female"
"P-0017052-T01-IM6","PAAD","PAAD","PWK",45.67,0,74.32," < 10","Primary",0,"Male"
"P-0017058-T01-IM6","PAAD","PAAD","BK",3.06,1,60.14," < 10","Metastasis",0.154,"Male"
"P-0017121-T02-IM6","PAAD","PAAD","BK",18.2,1,69.22," < 10","Metastasis",0.039,"Female"
"P-0017171-T01-IM6","PAAD","PAAD","PWK",46.16,0,81.04," < 10","Metastasis",0,"Female"
"P-0017188-T01-IM6","PAAD","PAAD","PWK",16.56,0,70.27," < 10","Metastasis",0.04,"Male"
"P-0017189-T01-IM6","PAAD","PAAD","PWK",10.97,1,51.84," < 10","Primary",0.013,"Female"
"P-0017191-T01-IM6","PAAD","PAAD","PWK",20.24,0,79.81," < 10","Primary",0.113,"Female"
"P-0017197-T01-IM6","PAAD","PAAD","BK",15.41,1,49.48," < 10","Primary",0.13,"Male"
"P-0017333-T01-IM6","PAAD","PAAD","BK",6.87,1,67.02," < 10","Metastasis",0.248,"Male"
"P-0017349-T01-IM6","PAAD","PAAD","PMK",2.73,1,60.54," < 10","Metastasis",0.31,"Male"
"P-0017355-T01-IM6","PAAD","PAAD","BK",44.12,0,68.73," < 10","Primary",0,"Female"
"P-0017429-T01-IM6","PAAD","PAAD","BK",4.67,1,51.24," < 10","Primary",0,"Male"
"P-0017446-T01-IM6","PAAD","PAAD","PWK",12.48,1,68.54," < 10","Primary",0.066,"Female"
"P-0017476-T01-IM6","PAAD","PAAD","BK",44.85,0,57.68," < 10","Primary",0.06,"Male"
"P-0017498-T01-IM6","PAAD","PAAD","PWK",32.03,1,73.05," < 10","Metastasis",0.017,"Male"
"P-0017552-T01-IM5","PAAD","PAAD","BK",0.46,1,62.49," < 10","Metastasis",0.708,"Male"
"P-0017557-T01-IM5","PAAD","PAAD","PWK",0,0,76.57," < 10","Primary",0.061,"Male"
"P-0017588-T01-IM5","PAAD","PAAD","BK",21.49,1,77.2," < 10","Primary",0.028,"Female"
"P-0017653-T01-IM5","PAAD","PAAD","PWK",12.94,1,58.05," < 10","Primary",0.142,"Female"
"P-0017660-T01-IM5","PAAD","PAAD","PWK",19.35,1,65.11," < 10","Primary",0.073,"Female"
"P-0017760-T01-IM6","PAAD","PAAD","BK",2.1,1,62.54," < 10","Metastasis",0.147,"Female"
"P-0017762-T01-IM6","PAAD","PAAD","PWK",7.82,1,40.53," < 10","Metastasis",0.22,"Male"
"P-0017779-T01-IM6","PAAD","PAAD","PWK",20.76,1,82.71," < 10","Primary",0.023,"Female"
"P-0017825-T01-IM6","PAAD","PAAD","BK",3.48,1,56.51," < 10","Metastasis",0.285,"Male"
"P-0017887-T01-IM6","PAAD","PAAD","PMK",27.27,0,46.93," < 10","Primary",0.266,"Male"
"P-0017893-T01-IM6","PAAD","PAAD","PWK",20.86,1,68.93," < 10","Primary",0.004,"Male"
"P-0017900-T01-IM6","PAAD","PAAD","PMK",0,0,64.38," < 10","Metastasis",0.282,"Male"
"P-0017901-T01-IM6","PAAD","PAAD","BK",15.84,1,65.67," < 10","Primary",0.024,"Female"
"P-0017923-T01-IM6","PAAD","PAAD","BK",4.01,1,65.23," < 10","Metastasis",0.031,"Male"
"P-0017981-T01-IM6","PAAD","PAAD","BK",1.71,1,66.46," < 10","Metastasis",0,"Male"
"P-0018012-T01-IM6","PAAD","PAAD","PWK",7.06,1,69.47," < 10","Primary",0,"Male"
"P-0018013-T01-IM6","PAAD","PAAD","BK",8.05,1,62.82," < 10","Metastasis",0.116,"Male"
"P-0018036-T01-IM6","PAAD","PAAD","PWK",5.45,1,71.87," < 10","Metastasis",0.013,"Female"
"P-0018112-T01-IM6","PAAD","PAAD","PMK",17.08,1,63.34," < 10","Metastasis",0.118,"Female"
"P-0018135-T01-IM6","PAAD","PAAD","PWK",24.02,0,52.59," < 10","Primary",0.07,"Male"
"P-0018141-T01-IM6","PAAD","PAAD","BK",18.86,1,65.6," < 10","Primary",0.044,"Male"
"P-0018157-T01-IM6","PAAD","PAAD","PWK",8.67,1,77.87," < 10","Primary",0.038,"Female"
"P-0018210-T01-IM6","PAAD","PAAD","PMK",0,0,71.32," < 10","Metastasis",0.168,"Female"
"P-0018226-T01-IM6","PAAD","PAAD","PWK",43.5,0,70.25," < 10","Primary",0.087,"Male"
"P-0018246-T02-IM6","PAAD","PAAD","BK",11.4,1,56.23," < 10","Primary",0.07,"Female"
"P-0018267-T01-IM6","PAAD","PAAD","BK",14.85,1,73.79," < 10","Primary",0.406,"Female"
"P-0018279-T01-IM6","PAAD","PAAD","PWK",8.51,1,77.69," < 10","Metastasis",0.254,"Male"
"P-0018293-T01-IM6","PAAD","PAAD","PWK",44.16,0,65.73," < 10","Primary",0,"Female"
"P-0018336-T01-IM6","PAAD","PAAD","PWK",26.81,0,67.52," < 10","Primary",0.172,"Female"
"P-0018351-T01-IM6","PAAD","PAAD","PWK",20.24,1,76.04," < 10","Primary",0.011,"Female"
"P-0018354-T01-IM6","PAAD","PAAD","PMK",17.87,1,56.71," < 10","Primary",0.323,"Male"
"P-0018390-T01-IM6","PAAD","PAAD","PMK",20.37,1,62.72," < 10","Metastasis",0.022,"Male"
"P-0018398-T01-IM6","PAAD","PAAD","BK",2.79,1,86.61," < 10","Primary",0.164,"Male"
"P-0018417-T01-IM6","PAAD","PAAD","PWK",10.32,1,71.72," < 10","Primary",0.001,"Female"
"P-0018468-T01-IM6","PAAD","PAAD","BK",1.25,1,65.15," < 10","Metastasis",0.321,"Female"
"P-0018509-T01-IM6","PAAD","PAAD","BK",4.34,1,38.86," < 10","Metastasis",0.002,"Male"
"P-0018537-T01-IM6","PAAD","PAAD","PWK",12.19,1,72.09," < 10","Primary",0.009,"Female"
"P-0018540-T01-IM6","PAAD","PAAD","PWK",30.16,1,46.48," < 10","Primary",0.028,"Female"
"P-0018565-T02-IM6","PAAD","PAAD","BK",35.71,1,74.53," < 10","Metastasis",0.017,"Female"
"P-0018643-T01-IM6","PAAD","PAAD","BK",16.92,1,63.81," < 10","Metastasis",0.49,"Female"
"P-0018698-T01-IM6","PAAD","PAAD","PWK",12.42,1,48.07," < 10","Primary",0.013,"Female"
"P-0018706-T01-IM6","PAAD","PAAD","BK",2.2,1,68.3," < 10","Primary",0.132,"Male"
"P-0018708-T01-IM6","PAAD","PAAD","BK",26.58,1,56.56," < 10","Primary",0,"Female"
"P-0018818-T01-IM6","PAAD","PAAD","PWK",13.31,1,61.63," < 10","Metastasis",0.101,"Female"
"P-0018822-T01-IM6","PAAD","PAAD","PWK",3.09,1,69.53," < 10","Primary",0.101,"Male"
"P-0018848-T01-IM6","PAAD","PAAD","BK",22.14,1,65.75," < 10","Metastasis",0.006,"Male"
"P-0018856-T01-IM6","PAAD","PAAD","PWK",18.2,1,69.74," < 10","Metastasis",0.004,"Female"
"P-0018914-T01-IM6","PAAD","PAAD","BK",0.03,0,71.03," < 10","Primary",0,"Male"
"P-0018915-T01-IM6","PAAD","PAAD","BK",4.07,1,65.01," < 10","Primary",0,"Female"
"P-0018950-T01-IM6","PAAD","PAAD","PWK",42.42,1,59.56," < 10","Primary",0.032,"Female"
"P-0018962-T01-IM6","PAAD","PAAD","BK",4.93,0,70.9," < 10","Primary",0.054,"Male"
"P-0018981-T01-IM6","PAAD","PAAD","PWK",33.58,0,58.51," < 10","Primary",0.02,"Female"
"P-0019041-T01-IM6","PAAD","PAAD","PWK",21.39,1,71.1," < 10","Metastasis",0.029,"Female"
"P-0019060-T01-IM6","PAAD","PAAD","PWK",29.7,1,76.24," < 10","Primary",0,"Female"
"P-0019077-T02-IM6","PAAD","PAAD","BK",1.48,1,69.6," < 10","Metastasis",0.251,"Female"
"P-0019123-T01-IM6","PAAD","PAAD","PMK",0.66,1,81.54," < 10","Primary",0.22,"Female"
"P-0019135-T01-IM6","PAAD","PAAD","BK",0,1,78.49," < 10","Metastasis",0,"Female"
"P-0019139-T01-IM6","PAAD","PAAD","PWK",43.01,0,69.85," < 10","Primary",0,"Male"
"P-0019163-T01-IM6","PAAD","PAAD","BK",7.36,1,66.6," < 10","Primary",0.032,"Female"
"P-0019225-T01-IM6","PAAD","PAAD","PWK",42.97,0,67.93," < 10","Primary",0.001,"Female"
"P-0019249-T01-IM6","PAAD","PAAD","PMK",14.72,1,62.4," < 10","Metastasis",0.332,"Female"
"P-0019251-T01-IM6","PAAD","PAAD","BK",14.92,1,48.93," < 10","Metastasis",0.205,"Female"
"P-0019307-T01-IM6","PAAD","PAAD","PWK",3.35,1,41.17," < 10","Metastasis",0.31,"Male"
"P-0019322-T01-IM6","PAAD","PAAD","PWK",11.47,1,63.37," < 10","Primary",0.007,"Male"
"P-0019378-T01-IM6","PAAD","PAAD","PMK",30.95,0,55," < 10","Primary",0.208,"Female"
"P-0019384-T01-IM6","PAAD","PAAD","PWK",21.82,1,51.48," < 10","Metastasis",0.011,"Female"
"P-0019389-T01-IM6","PAAD","PAAD","BK",21.26,1,72.67," < 10","Primary",0,"Female"
"P-0019427-T01-IM6","PAAD","PAAD","BK",7.26,1,78.49," < 10","Primary",0,"Female"
"P-0019429-T01-IM6","PAAD","PAAD","PWK",39.79,0,76.79," < 10","Primary",0.011,"Male"
"P-0019433-T01-IM6","PAAD","PAAD","PWK",0,0,81.42," < 10","Primary",0.122,"Female"
"P-0019446-T01-IM6","PAAD","PAAD","BK",15.74,1,72.13," < 10","Primary",0.012,"Female"
"P-0019538-T01-IM6","PAAD","PAAD","PWK",0,1,59.24," < 10","Primary",0,"Male"
"P-0019617-T01-IM6","PAAD","PAAD","BK",0,0,83.04," < 10","Primary",0.017,"Female"
"P-0019618-T01-IM6","PAAD","PAAD","BK",10.12,1,49.77," < 10","Metastasis",0.289,"Female"
"P-0019628-T01-IM6","PAAD","PAAD","PWK",2.04,0,84.54," < 10","Metastasis",0.04,"Female"
"P-0019640-T01-IM6","PAAD","PAAD","BK",7.62,1,52.33," < 10","Primary",0,"Female"
"P-0019646-T01-IM6","PANET","PAAD","PWK",25.13,1,37.41," < 10","Metastasis",0.821,"Female"
"P-0019656-T01-IM6","PAAD","PAAD","BK",8.08,0,71.64," < 10","Primary",0.081,"Female"
"P-0019681-T01-IM6","PAAD","PAAD","PWK",27.43,1,73.54," < 10","Primary",0,"Male"
"P-0019724-T01-IM6","PAAD","PAAD","PWK",3.88,1,64.68," < 10","Metastasis",0.207,"Male"
"P-0019728-T01-IM6","PAAD","PAAD","BK",3.22,0,60.66," < 10","Primary",0.001,"Female"
"P-0019735-T01-IM6","PAAD","PAAD","PWK",30.82,1,73.68," < 10","Primary",0.018,"Male"
"P-0019736-T01-IM6","PAAD","PAAD","PWK",40.05,0,71.98," < 10","Primary",0,"Male"
"P-0019823-T01-IM6","PAAD","PAAD","PWK",26.71,1,60.28," < 10","Primary",0.017,"Female"
"P-0019855-T01-IM6","PAAD","PAAD","BK",1.77,0,77.13," < 10","Metastasis",0.512,"Male"
"P-0019867-T01-IM6","PAAD","PAAD","PWK",4.53,0,75.89," < 10","Primary",0.021,"Male"
"P-0019874-T01-IM6","PAAD","PAAD","PMK",6.9,1,85.1," < 10","Primary",0,"Male"
"P-0019879-T01-IM6","PAAD","PAAD","BK",30.98,1,77.68," < 10","Primary",0,"Female"
"P-0019906-T01-IM6","PAAD","PAAD","PMK",24.48,1,47.84," < 10","Primary",0,"Female"
"P-0019938-T01-IM6","PAAD","PAAD","PMK",7.43,1,58.16," < 10","Primary",0,"Female"
"P-0019946-T01-IM6","PAAD","PAAD","BK",5.16,1,34.7," < 10","Primary",0.001,"Female"
"P-0019956-T01-IM6","PAAD","PAAD","BK",27.7,1,59.89," < 10","Primary",0,"Female"
"P-0019965-T01-IM6","PAAD","PAAD","PWK",20.53,0,68.05," < 10","Metastasis",0.532,"Male"
"P-0020010-T01-IM6","PAAD","PAAD","PWK",34.76,1,73.88," < 10","Primary",0.165,"Female"
"P-0020018-T01-IM6","PAAD","PAAD","BK",5.32,0,65.83," < 10","Primary",0.038,"Male"
"P-0020028-T01-IM6","PAAD","PAAD","BK",41.86,0,70.05," < 10","Primary",0,"Male"
"P-0020039-T01-IM6","PAAD","PAAD","PMK",41.56,0,82.15," < 10","Primary",0.066,"Female"
"P-0020077-T01-IM6","PAAD","PAAD","BK",17.74,0,59.03," < 10","Primary",0.161,"Male"
"P-0020085-T01-IM6","PAAD","PAAD","PWK",39.1,0,75.57," < 10","Primary",0.059,"Female"
"P-0020103-T01-IM6","PAAD","PAAD","BK",2.33,1,69.64," < 10","Metastasis",0.276,"Male"
"P-0020213-T01-IM6","PAAD","PAAD","PMK",27.01,1,54.72," < 10","Metastasis",0.444,"Male"
"P-0020264-T01-IM6","PAAD","PAAD","BK",6.18,1,50.57," < 10","Primary",0.255,"Male"
"P-0020334-T01-IM6","PAAD","PAAD","BK",8.48,1,60.89," < 10","Metastasis",0.208,"Male"
"P-0020339-T01-IM6","PAAD","PAAD","BK",7.59,1,83.42," < 10","Primary",0.102,"Male"
"P-0020377-T01-IM6","PAAD","PAAD","BK",6.34,1,56.48," < 10","Metastasis",0.044,"Male"
"P-0020407-T01-IM6","PAAD","PAAD","PMK",4.73,1,55.19," < 10","Primary",0.003,"Female"
"P-0020474-T01-IM6","PAAD","PAAD","PWK",5.98,1,71.57," < 10","Primary",0.014,"Female"
"P-0020488-T01-IM6","PAAD","PAAD","PMK",10.84,1,74.12," < 10","Primary",0.2,"Female"
"P-0020504-T01-IM6","PAAD","PAAD","BK",23.39,1,48.54," < 10","Primary",0.007,"Female"
"P-0020526-T01-IM6","PANET","PAAD","PMK",3.48,1,81.86," < 10","Metastasis",0.592,"Male"
"P-0020548-T01-IM6","PAAD","PAAD","BK",5.32,1,75.33," < 10","Metastasis",0.006,"Female"
"P-0020609-T01-IM6","PAAD","PAAD","PMK",41.17,0,64.92," < 10","Primary",0,"Female"
"P-0020646-T01-IM6","PAAD","PAAD","BK",40.64,1,57.33," < 10","Primary",0.005,"Female"
"P-0020651-T01-IM6","PAAD","PAAD","PMK",6.64,1,70.3," < 10","Primary",0.451,"Female"
"P-0020665-T01-IM6","PAAD","PAAD","PMK",0.82,0,53.68," < 10","Primary",0.083,"Female"
"P-0020716-T01-IM6","PAAD","PAAD","PWK",14.75,1,66.14," < 10","Primary",0.047,"Male"
"P-0020763-T01-IM6","PAAD","PAAD","PMK",14.78,1,80.79," < 10","Metastasis",0.379,"Male"
"P-0020790-T01-IM6","PAAD","PAAD","BK",0.62,0,71.99," < 10","Metastasis",0.036,"Female"
"P-0020793-T01-IM6","PAAD","PAAD","BK",15.41,1,63.51," < 10","Primary",0.086,"Female"
"P-0020805-T01-IM6","PAAD","PAAD","PMK",0,0,69.67," < 10","Primary",0.233,"Female"
"P-0020827-T01-IM6","PAAD","PAAD","BK",14.88,0,47.45," < 10","Metastasis",0.333,"Male"
"P-0020841-T01-IM6","PAAD","PAAD","PWK",40.58,0,63.08," < 10","Primary",0.365,"Female"
"P-0020867-T01-IM6","PAAD","PAAD","PMK",9.99,1,65.53," < 10","Primary",0.21,"Female"
"P-0020922-T01-IM6","PAAD","PAAD","BK",1.12,0,79.78," < 10","Primary",0,"Female"
"P-0020947-T01-IM6","PAAD","PAAD","PWK",4.07,1,56.03," < 10","Metastasis",0,"Female"
"P-0020952-T01-IM6","PAAD","PAAD","PMK",4.63,1,73.4," < 10","Primary",0.267,"Male"
"P-0020960-T01-IM6","PAAD","PAAD","BK",9.33,1,73.67," < 10","Metastasis",0.252,"Male"
"P-0020977-T01-IM6","PAAD","PAAD","PWK",6.21,1,63.57," >= 10","Metastasis",0.059,"Female"
"P-0021002-T01-IM6","PAAD","PAAD","BK",3.81,1,73.79," < 10","Metastasis",0.058,"Male"
"P-0021026-T01-IM6","PAAD","PAAD","BK",0.1,0,74.29," < 10","Primary",0.006,"Female"
"P-0021043-T01-IM6","PAAD","PAAD","BK",0,0,62.74," < 10","Primary",0.024,"Female"
"P-0021091-T01-IM6","PAAD","PAAD","BK",21.13,0,70.64," < 10","Metastasis",0.009,"Male"
"P-0021151-T01-IM6","PAAD","PAAD","BK",40.25,0,61.47," < 10","Primary",0,"Male"
"P-0021168-T01-IM6","PAAD","PAAD","BK",0,0,83.24," < 10","Primary",0.327,"Male"
"P-0021249-T01-IM6","PAAD","PAAD","PWK",0,0,77.48," < 10","Metastasis",0.453,"Female"
"P-0021273-T01-IM6","PAAD","PAAD","BK",1.81,1,50.41," < 10","Metastasis",0.091,"Male"
"P-0021321-T01-IM6","PAAD","PAAD","PMK",3.78,1,56.63," < 10","Metastasis",0.534,"Female"
"P-0021341-T01-IM6","PAAD","PAAD","BK",14.75,1,61.7," < 10","Metastasis",0.171,"Male"
"P-0021347-T01-IM6","PAAD","PAAD","PWK",11.93,1,78.67," < 10","Primary",0.036,"Female"
"P-0021350-T01-IM6","PAAD","PAAD","PMK",4.01,0,60.4," < 10","Primary",0.17,"Male"
"P-0021354-T01-IM6","PAAD","PAAD","PMK",13.83,1,74.13," < 10","Primary",0.224,"Male"
"P-0021356-T01-IM6","PAAD","PAAD","PMK",24.67,1,80.14," < 10","Primary",0.008,"Female"
"P-0021373-T01-IM6","PAAD","PAAD","PWK",21.85,1,58.11," < 10","Primary",0.007,"Male"
"P-0021379-T01-IM6","PAAD","PAAD","PWK",0,0,64.16," < 10","Primary",0.036,"Female"
"P-0021472-T01-IM6","PAAD","PAAD","PWK",14.59,1,66.72," < 10","Primary",0.038,"Male"
"P-0021475-T01-IM6","PAAD","PAAD","BK",19.88,1,79.39," < 10","Metastasis",0.02,"Female"
"P-0021501-T01-IM6","PAAD","PAAD","PWK",15.77,1,72.14," < 10","Primary",0.018,"Male"
"P-0021575-T01-IM6","PAAD","PAAD","PMK",5.42,1,74.72," < 10","Metastasis",0.302,"Female"
"P-0021583-T01-IM6","PAAD","PAAD","PWK",3.75,1,68.37," < 10","Primary",0.005,"Male"
"P-0021591-T01-IM6","PAAD","PAAD","PWK",3.52,1,59.96," < 10","Primary",0.112,"Female"
"P-0021681-T01-IM6","PAAD","PAAD","BK",1.15,0,59.9," < 10","Metastasis",0.223,"Female"
"P-0021682-T01-IM6","PAAD","PAAD","PWK",3.88,1,67.73," < 10","Metastasis",0.012,"Female"
"P-0021705-T01-IM6","PAAD","PAAD","PMK",6.21,1,71.66," < 10","Primary",0.083,"Female"
"P-0021721-T01-IM6","PAAD","PAAD","PWK",6.57,0,71.16," < 10","Primary",0.058,"Male"
"P-0021800-T01-IM6","PAAD","PAAD","PMK",39.23,0,75," < 10","Primary",0.345,"Male"
"P-0021805-T01-IM6","PAAD","PAAD","PMK",10.78,1,76.15," < 10","Metastasis",0.375,"Male"
"P-0021830-T01-IM6","PAAD","PAAD","BK",0,0,59.64," < 10","Primary",0.12,"Male"
"P-0021870-T01-IM6","PAAD","PAAD","PWK",12.58,1,69.31," < 10","Primary",0.099,"Female"
"P-0021935-T01-IM6","PAAD","PAAD","PWK",6.67,1,76.59," < 10","Metastasis",0.195,"Female"
"P-0021940-T01-IM6","PAAD","PAAD","BK",31.87,0,51.25," < 10","Metastasis",0.242,"Male"
"P-0021972-T01-IM6","PAAD","PAAD","PWK",5.98,1,88.18," >= 10","Primary",0.176,"Female"
"P-0022023-T01-IM6","PAAD","PAAD","PWK",14.72,1,48.5," < 10","Primary",0.005,"Male"
"P-0022024-T01-IM6","PAAD","PAAD","BK",15.15,1,59.3," < 10","Primary",0.161,"Male"
"P-0022027-T01-IM6","PAAD","PAAD","PMK",14.88,1,44.73," < 10","Metastasis",0.488,"Female"
"P-0022028-T01-IM6","PAAD","PAAD","PWK",12.78,1,74.77," < 10","Primary",0.145,"Male"
"P-0022041-T01-IM6","PAAD","PAAD","PWK",12.42,0,69.67," < 10","Primary",0.153,"Male"
"P-0022085-T01-IM6","PAAD","PAAD","PWK",38.77,0,64.78," < 10","Primary",0.125,"Female"
"P-0022102-T01-IM6","PAAD","PAAD","BK",4.34,1,62.12," < 10","Metastasis",0.206,"Male"
"P-0022107-T01-IM6","PAAD","PAAD","BK",0,0,56.22," < 10","Primary",0.003,"Female"
"P-0022112-T02-IM6","PAAD","PAAD","BK",15.47,1,70.09," < 10","Primary",0.35,"Male"
"P-0022118-T01-IM6","PAAD","PAAD","BK",3.88,1,74.67," < 10","Metastasis",0.502,"Female"
"P-0022128-T01-IM6","PAAD","PAAD","BK",10.68,1,54.37," < 10","Primary",0.032,"Male"
"P-0022145-T01-IM6","PAAD","PAAD","BK",3.25,0,54.54," < 10","Primary",0.008,"Male"
"P-0022155-T01-IM6","PAAD","PAAD","BK",33.38,0,81.08," < 10","Primary",0.061,"Female"
"P-0022245-T01-IM6","PAAD","PAAD","PMK",1.61,1,83.02," < 10","Metastasis",0.22,"Male"
"P-0022246-T01-IM6","PAAD","PAAD","PMK",8.71,0,51.18," < 10","Metastasis",0.202,"Female"
"P-0022294-T02-IM6","PAAD","PAAD","BK",28.58,1,NA," < 10","Metastasis",0.157,"Male"
"P-0022319-T01-IM6","PAAD","PAAD","PWK",36.07,0,72.46," < 10","Primary",0.009,"Male"
"P-0022325-T01-IM6","PAAD","PAAD","PWK",15.11,1,77.47," < 10","Primary",0.01,"Male"
"P-0022349-T01-IM6","PAAD","PAAD","BK",3.06,1,62.46," < 10","Metastasis",0.662,"Male"
"P-0022394-T01-IM6","PAAD","PAAD","PWK",4.27,1,75.8," < 10","Metastasis",0.001,"Male"
"P-0022402-T01-IM6","PAAD","PAAD","PMK",4.14,0,63.1," < 10","Metastasis",0.619,"Female"
"P-0022472-T01-IM6","PAAD","PAAD","PWK",5.45,1,54.61," < 10","Metastasis",0.149,"Male"
"P-0022504-T02-IM6","PAAD","PAAD","BK",38.77,0,65.7," < 10","Primary",0.008,"Male"
"P-0022563-T01-IM6","PAAD","PAAD","PWK",37.95,0,66.73," < 10","Metastasis",0.174,"Female"
"P-0022599-T01-IM6","PAAD","PAAD","BK",5.49,1,77.46," < 10","Primary",0,"Female"
"P-0022606-T01-IM6","PAAD","PAAD","BK",21.91,1,85.41," < 10","Metastasis",0.124,"Male"
"P-0022675-T01-IM6","PAAD","PAAD","BK",4.17,0,62.88," < 10","Metastasis",0.007,"Male"
"P-0022692-T01-IM6","PAAD","PAAD","BK",11.53,1,50.79," < 10","Metastasis",0.022,"Male"
"P-0022717-T01-IM6","PAAD","PAAD","PMK",0.85,1,59.61," < 10","Primary",0.197,"Male"
"P-0022756-T01-IM6","PAAD","PAAD","BK",1.22,1,65.61," < 10","Primary",0.01,"Male"
"P-0022760-T02-IM6","PAAD","PAAD","BK",37.91,0,61.91," < 10","Metastasis",0,"Male"
"P-0022786-T01-IM6","PAAD","PAAD","BK",3.22,1,70.2," < 10","Primary",0.005,"Female"
"P-0022793-T01-IM6","PAAD","PAAD","PWK",35.71,1,65.45," < 10","Primary",0.001,"Female"
"P-0022801-T01-IM6","PAAD","PAAD","PMK",6.47,1,52.39," < 10","Metastasis",0.197,"Female"
"P-0022811-T01-IM6","PAAD","PAAD","PMK",34.89,1,70.19," < 10","Metastasis",0.08,"Female"
"P-0022820-T01-IM6","PAAD","PAAD","PWK",31.02,1,73.13," < 10","Primary",0.049,"Male"
"P-0022828-T01-IM6","PAAD","PAAD","PWK",20.21,1,59.93," < 10","Metastasis",0.18,"Male"
"P-0022841-T01-IM6","PAAD","PAAD","PWK",14.13,1,62.23," < 10","Metastasis",0.163,"Female"
"P-0022883-T01-IM6","PAAD","PAAD","BK",28.98,0,40.18," < 10","Primary",0.015,"Female"
"P-0022946-T01-IM6","PAAD","PAAD","PWK",5.68,1,67.9," < 10","Metastasis",0.131,"Female"
"P-0022971-T01-IM6","PAAD","PAAD","PWK",8.31,1,61.3," < 10","Metastasis",0.005,"Female"
"P-0022988-T01-IM6","PAAD","PAAD","PWK",0,0,64.51," < 10","Metastasis",0.052,"Male"
"P-0022990-T01-IM6","PAAD","PAAD","PWK",5.95,0,69.82," < 10","Primary",0.015,"Male"
"P-0023009-T01-IM6","PAAD","PAAD","PWK",11.4,1,67.41," < 10","Primary",0.027,"Female"
"P-0023013-T01-IM6","PAAD","PAAD","BK",13.17,0,66.47," < 10","Primary",0.018,"Female"
"P-0023018-T01-IM6","PAAD","PAAD","PWK",19.88,1,79.52," < 10","Primary",0.015,"Male"
"P-0023025-T01-IM6","PAAD","PAAD","PWK",0.79,0,69.1," < 10","Primary",0.188,"Male"
"P-0023068-T01-IM6","PAAD","PAAD","PWK",33.35,1,55.95," < 10","Metastasis",0.005,"Female"
"P-0023087-T01-IM6","PAAD","PAAD","BK",7.52,1,57.56," < 10","Metastasis",0.01,"Male"
"P-0023104-T01-IM6","PAAD","PAAD","BK",5.65,1,58.48," < 10","Primary",0.057,"Female"
"P-0023166-T01-IM6","PAAD","PAAD","BK",29.04,1,75.34," < 10","Primary",0.01,"Female"
"P-0023195-T01-IM6","PAAD","PAAD","PWK",36.14,0,75.67," < 10","Primary",0.005,"Female"
"P-0023211-T01-IM6","PAAD","PAAD","PWK",5.06,0,77.91," < 10","Primary",0.004,"Female"
"P-0023215-T01-IM6","PAAD","PAAD","BK",0.95,0,55.51," < 10","Metastasis",0.395,"Male"
"P-0023290-T01-IM6","PAAD","PAAD","PWK",0,0,55.97," < 10","Primary",0.105,"Male"
"P-0023291-T01-IM6","PAAD","PAAD","PMK",0,0,56.49," < 10","Primary",0.002,"Male"
"P-0023293-T01-IM6","PAAD","PAAD","PMK",0,0,84.66," < 10","Primary",0.031,"Female"
"P-0023299-T01-IM6","PAAD","PAAD","BK",13.04,1,74.79," < 10","Primary",0.147,"Male"
"P-0023312-T01-IM6","PAAD","PAAD","PWK",37.59,0,75.92," < 10","Primary",0.002,"Male"
"P-0023341-T01-IM6","PAAD","PAAD","PWK",22.7,1,79.4," < 10","Metastasis",0.07,"Male"
"P-0023354-T01-IM6","PAAD","PAAD","PWK",9.96,0,74.96," < 10","Primary",0.038,"Female"
"P-0023359-T01-IM6","PAAD","PAAD","BK",0,0,73.26," < 10","Primary",0.011,"Male"
"P-0023385-T01-IM6","PAAD","PAAD","BK",1.87,0,70.87," < 10","Metastasis",0.257,"Male"
"P-0023391-T01-IM6","PAAD","PAAD","PWK",29.64,1,58.81," < 10","Primary",0.2,"Female"
"P-0023410-T01-IM6","PAAD","PAAD","BK",0,0,70.12," < 10","Metastasis",0.053,"Male"
"P-0023455-T01-IM6","PAAD","PAAD","BK",36.6,0,81.72," < 10","Primary",0.026,"Male"
"P-0023466-T01-IM6","PAAD","PAAD","PWK",36.53,0,70.32," < 10","Primary",0.001,"Male"
"P-0023475-T01-IM6","PAAD","PAAD","BK",20.37,1,59.61," < 10","Primary",0.021,"Female"
"P-0023478-T01-IM6","PAAD","PAAD","PWK",6.24,1,74.34," < 10","Metastasis",0.323,"Male"
"P-0023529-T01-IM6","PAAD","PAAD","PMK",6.24,1,66.35," < 10","Metastasis",0.437,"Male"
"P-0023530-T01-IM6","PAAD","PAAD","BK",3.42,1,66.33," < 10","Metastasis",0.169,"Female"
"P-0023541-T01-IM6","PAAD","PAAD","BK",1.38,0,89.98," < 10","Primary",0.234,"Female"
"P-0023571-T01-IM6","PAAD","PAAD","PWK",9.1,1,78.41," < 10","Metastasis",0.519,"Male"
"P-0023585-T01-IM6","PAAD","PAAD","PWK",1.48,1,83.63," < 10","Metastasis",0.056,"Male"
"P-0023599-T01-IM6","PAAD","PAAD","PWK",0.76,1,71.64," < 10","Primary",0.016,"Female"
"P-0023635-T01-IM6","PAAD","PAAD","PWK",18.83,1,59.04," < 10","Metastasis",0.136,"Male"
"P-0023646-T01-IM6","PAAD","PAAD","PWK",20.11,1,58.56," < 10","Metastasis",0.002,"Female"
"P-0023677-T01-IM6","PAAD","PAAD","PMK",4.17,1,68.58," < 10","Metastasis",0.231,"Male"
"P-0023682-T01-IM6","PAAD","PAAD","BK",2.96,1,79.69," < 10","Metastasis",0.488,"Male"
"P-0023721-T01-IM6","PAAD","PAAD","BK",6.31,1,48.61," < 10","Metastasis",0.012,"Male"
"P-0023743-T01-IM6","PAAD","PAAD","BK",31.61,1,56.72," < 10","Primary",0.001,"Male"
"P-0023756-T01-IM6","PAAD","PAAD","BK",2.27,0,57.13," < 10","Primary",0.002,"Male"
"P-0023786-T01-IM6","PAAD","PAAD","PWK",3.35,1,78.76," < 10","Metastasis",0.022,"Female"
"P-0023795-T01-IM6","PAAD","PAAD","PWK",19.52,1,83.33," < 10","Primary",0,"Female"
"P-0023898-T01-IM6","PAAD","PAAD","PMK",2.92,1,88.23," < 10","Primary",0.152,"Male"
"P-0023906-T01-IM6","PAAD","PAAD","BK",15.77,1,57.71," < 10","Primary",0.109,"Female"
"P-0023913-T01-IM6","PAAD","PAAD","BK",11.79,1,49.17," < 10","Metastasis",0,"Female"
"P-0023916-T01-IM6","PAAD","PAAD","PMK",21.78,1,74.18," < 10","Primary",0.18,"Female"
"P-0023965-T01-IM6","PAAD","PAAD","PWK",32.23,1,81.14," < 10","Primary",0.006,"Male"
"P-0023990-T01-IM6","PAAD","PAAD","BK",9.36,1,81.33," < 10","Metastasis",0.278,"Male"
"P-0024023-T01-IM6","PAAD","PAAD","BK",10.84,0,80.54," < 10","Primary",0.027,"Male"
"P-0024133-T01-IM6","PAAD","PAAD","BK",26.05,1,70.51," < 10","Primary",0.014,"Male"
"P-0024147-T01-IM6","PAAD","PAAD","BK",0,0,58.98," < 10","Metastasis",0.009,"Male"
"P-0024238-T01-IM6","PAAD","PAAD","BK",14.55,1,61.24," < 10","Primary",0.001,"Male"
"P-0024244-T01-IM6","PAAD","PAAD","PWK",34.2,1,59.73," < 10","Primary",0.001,"Male"
"P-0024268-T01-IM6","PAAD","PAAD","BK",3.45,1,57.91," < 10","Primary",0.041,"Male"
"P-0024315-T01-IM6","PAAD","PAAD","BK",21.78,1,79.44," < 10","Primary",0.047,"Female"
"P-0024328-T01-IM6","PAAD","PAAD","BK",22.57,1,67.05," < 10","Metastasis",0.237,"Male"
"P-0024345-T01-IM6","PAAD","PAAD","PWK",0,0,72.88," < 10","Primary",0.091,"Male"
"P-0024354-T01-IM6","PANET","PAAD","PWK",10.22,1,44.54," < 10","Metastasis",0.171,"Female"
"P-0024358-T01-IM6","PAAD","PAAD","PMK",35.68,0,53.83," < 10","Metastasis",0.301,"Male"
"P-0024429-T01-IM6","PAAD","PAAD","PWK",23.49,1,59.87," < 10","Primary",0.018,"Male"
"P-0024462-T01-IM6","PAAD","PAAD","BK",35.58,0,67.93," < 10","Primary",0.189,"Female"
"P-0024532-T01-IM6","PAAD","PAAD","PWK",4.17,1,62.79," < 10","Metastasis",0.014,"Male"
"P-0024537-T01-IM6","PAAD","PAAD","PMK",4.47,1,65.45," < 10","Metastasis",0.036,"Male"
"P-0024552-T01-IM6","PAAD","PAAD","PMK",6.08,1,89.39," < 10","Metastasis",0.217,"Male"
"P-0024556-T01-IM6","PAAD","PAAD","PWK",17.25,1,71.2," < 10","Primary",0.174,"Female"
"P-0024569-T01-IM6","PANET","PAAD","PMK",24.02,1,56.23," < 10","Metastasis",0.401,"Male"
"P-0024573-T01-IM6","PAAD","PAAD","PWK",6.47,1,72.75," < 10","Metastasis",0.016,"Male"
"P-0024579-T01-IM6","PAAD","PAAD","PWK",21.26,1,72.31," < 10","Primary",0.004,"Male"
"P-0024587-T01-IM6","PAAD","PAAD","BK",11.76,1,69.35," < 10","Metastasis",0.006,"Male"
"P-0024590-T01-IM6","PAAD","PAAD","PMK",3.35,1,76.24," < 10","Metastasis",0.266,"Male"
"P-0024591-T01-IM6","PAAD","PAAD","PWK",22.51,1,68.68," < 10","Metastasis",0.12,"Male"
"P-0024613-T01-IM6","PAAD","PAAD","PMK",1.91,1,58.55," < 10","Metastasis",0.161,"Male"
"P-0024640-T01-IM6","PAAD","PAAD","PMK",3.98,1,49.84," < 10","Primary",0.058,"Male"
"P-0024641-T01-IM6","PAAD","PAAD","BK",35.68,0,75.58," >= 10","Primary",0.121,"Male"
"P-0024644-T01-IM6","PAAD","PAAD","PMK",26.15,1,57.97," < 10","Primary",0.142,"Female"
"P-0024653-T01-IM6","PAAD","PAAD","BK",5.16,1,68.62," < 10","Primary",0.003,"Female"
"P-0024666-T01-IM6","PAAD","PAAD","PMK",1.94,1,44.96," < 10","Metastasis",0.213,"Male"
"P-0024671-T01-IM6","PAAD","PAAD","BK",33.91,1,75.68," < 10","Primary",0.032,"Male"
"P-0024770-T01-IM6","PAAD","PAAD","PWK",5.22,0,62.55," < 10","Metastasis",0,"Female"
"P-0024793-T01-IM6","PAAD","PAAD","BK",1.81,1,73.15," < 10","Metastasis",0.472,"Female"
"P-0024828-T01-IM6","PAAD","PAAD","BK",11.24,1,62.86," < 10","Primary",0.023,"Male"
"P-0024833-T01-IM6","PAAD","PAAD","PWK",30.62,1,65.26," < 10","Primary",0.08,"Female"
"P-0024873-T01-IM6","PAAD","PAAD","PMK",33.54,1,58.26," < 10","Primary",0.102,"Male"
"P-0024896-T01-IM6","PAAD","PAAD","PMK",34.6,0,73.95," < 10","Primary",0.016,"Male"
"P-0024952-T01-IM6","PAAD","PAAD","PWK",34.99,0,66.21," < 10","Primary",0.075,"Female"
"P-0025008-T01-IM6","PAAD","PAAD","PWK",24.12,1,61.65," < 10","Primary",0.06,"Female"
"P-0025085-T01-IM6","PAAD","PAAD","PWK",8.05,1,79.84," < 10","Primary",0.003,"Male"
"P-0025112-T01-IM6","PAAD","PAAD","BK",32.36,0,69.28," < 10","Primary",0.179,"Female"
"P-0025188-T01-IM6","PAAD","PAAD","PWK",26.35,1,80.35," >= 10","Primary",0.099,"Male"
"P-0025272-T01-IM6","PAAD","PAAD","PWK",0.53,1,62.36," < 10","Metastasis",0.019,"Female"
"P-0025273-T01-IM6","PAAD","PAAD","PWK",0,0,70.11," < 10","Primary",0.009,"Female"
"P-0025341-T01-IM6","PAAD","PAAD","BK",3.38,0,69.39," < 10","Metastasis",0.065,"Female"
"P-0025342-T01-IM6","PAAD","PAAD","PWK",14.23,1,60.59," < 10","Primary",0.101,"Male"
"P-0025356-T01-IM6","PAAD","PAAD","PWK",1.41,1,54.2," < 10","Metastasis",0.072,"Male"
"P-0025359-T01-IM6","PAAD","PAAD","BK",23.59,1,74.69," < 10","Primary",0.003,"Female"
"P-0025361-T01-IM6","PAAD","PAAD","PWK",10.84,1,53.5," < 10","Primary",0.208,"Male"
"P-0025387-T01-IM6","PAAD","PAAD","PWK",34.99,0,53.83," < 10","Primary",0.011,"Male"
"P-0025395-T01-IM6","PAAD","PAAD","BK",1.02,1,66.75," < 10","Metastasis",0.102,"Male"
"P-0025400-T01-IM6","PAAD","PAAD","BK",0.3,1,73.68," < 10","Metastasis",0.271,"Male"
"P-0025452-T01-IM6","PAAD","PAAD","PWK",34.63,0,60.71," < 10","Primary",0.009,"Male"
"P-0025548-T01-IM6","PAAD","PAAD","BK",14.19,1,84.01," < 10","Primary",0.09,"Male"
"P-0025570-T01-IM6","PAAD","PAAD","PWK",9.07,1,71.73," < 10","Primary",0.021,"Female"
"P-0025599-T01-IM6","PAAD","PAAD","PMK",9.69,1,72.47," < 10","Primary",0.169,"Male"
"P-0025687-T01-IM6","PAAD","PAAD","PWK",0,0,64.42," < 10","Metastasis",0.291,"Male"
"P-0025689-T01-IM6","PAAD","PAAD","PWK",1.74,0,55.03," < 10","Primary",0.001,"Male"
"P-0025757-T01-IM6","PAAD","PAAD","BK",5.32,1,60.2," < 10","Primary",0.033,"Female"
"P-0025768-T01-IM6","PAAD","PAAD","PMK",10.28,0,57.2," < 10","Primary",0.001,"Male"
"P-0025779-T01-IM6","PAAD","PAAD","PWK",18.43,0,63.15," < 10","Metastasis",0.088,"Female"
"P-0025840-T01-IM6","PAAD","PAAD","BK",13.83,1,50.84," < 10","Metastasis",0.434,"Female"
"P-0025841-T01-IM6","PAAD","PAAD","BK",13.57,0,71.86," < 10","Primary",0.086,"Male"
"P-0025856-T01-IM6","PAAD","PAAD","PWK",19.65,1,66.98," < 10","Primary",0.058,"Male"
"P-0025871-T01-IM6","PAAD","PAAD","BK",10.58,1,65.76," < 10","Primary",0.15,"Female"
"P-0025875-T01-IM6","PAAD","PAAD","PMK",34.14,0,67.38," < 10","Primary",0,"Female"
"P-0025913-T01-IM6","PAAD","PAAD","BK",0,0,49.52," < 10","Primary",0.009,"Male"
"P-0025921-T01-IM6","PAAD","PAAD","PWK",11.79,1,68.62," < 10","Primary",0.015,"Male"
"P-0025922-T01-IM6","PAAD","PAAD","PWK",12.45,1,83.59," < 10","Metastasis",0.064,"Female"
"P-0025951-T01-IM6","PAAD","PAAD","BK",34.46,0,57.87," < 10","Metastasis",0.062,"Female"
"P-0025976-T01-IM6","PAAD","PAAD","PWK",5.62,1,80.89," < 10","Metastasis",0.105,"Female"
"P-0026036-T01-IM6","PAAD","PAAD","BK",7.26,1,60.73," < 10","Metastasis",0.198,"Female"
"P-0026119-T01-IM6","PAAD","PAAD","BK",34.14,0,64.85," < 10","Primary",0.011,"Male"
"P-0026123-T01-IM6","PAAD","PAAD","BK",9.1,1,56.88," < 10","Metastasis",0.345,"Male"
"P-0026165-T01-IM6","PAAD","PAAD","BK",9.96,1,54.46," < 10","Primary",0.083,"Male"
"P-0026172-T01-IM6","PAAD","PAAD","BK",33.38,0,69.19," < 10","Primary",0.09,"Female"
"P-0026188-T01-IM6","PAAD","PAAD","PMK",11.73,1,58.78," < 10","Metastasis",0.002,"Male"
"P-0026204-T01-IM6","PAAD","PAAD","BK",1.77,1,65.89," < 10","Metastasis",0.321,"Male"
"P-0026273-T01-IM6","PAAD","PAAD","BK",10.84,1,70.42," < 10","Primary",0.001,"Male"
"P-0026285-T01-IM6","PAAD","PAAD","BK",3.75,1,85.62," >= 10","Metastasis",0,"Male"
"P-0026305-T01-IM6","PAAD","PAAD","PMK",28.45,1,73.36," < 10","Primary",0.163,"Female"
"P-0026364-T01-IM6","PAAD","PAAD","BK",18.46,1,79.93," < 10","Primary",0.165,"Male"
"P-0026391-T01-IM6","PAAD","PAAD","BK",6.14,1,59.31," < 10","Primary",0.097,"Male"
"P-0026694-T01-IM6","PAAD","PAAD","BK",11.07,1,55.92," < 10","Metastasis",0.29,"Female"
"P-0026717-T01-IM6","PAAD","PAAD","PMK",15.34,1,85.46," < 10","Primary",0.025,"Female"
"P-0026790-T01-IM6","PAAD","PAAD","BK",0,0,50.32," < 10","Metastasis",0.007,"Male"
"P-0026794-T01-IM6","PAAD","PAAD","PWK",32.43,1,76.46," < 10","Primary",0.098,"Male"
"P-0026831-T01-IM6","PAAD","PAAD","PMK",24.28,1,78.18," < 10","Primary",0.053,"Male"
"P-0026842-T01-IM6","PAAD","PAAD","PMK",4.37,1,61.15," < 10","Metastasis",0.337,"Female"
"P-0026858-T01-IM6","PAAD","PAAD","BK",32.46,0,71.57," < 10","Metastasis",0.105,"Female"
"P-0026910-T01-IM6","PAAD","PAAD","BK",33.28,0,72.74," < 10","Primary",0.07,"Female"
"P-0026911-T01-IM6","PAAD","PAAD","PWK",23.23,1,61.08," < 10","Metastasis",0.181,"Female"
"P-0026930-T01-IM6","PAAD","PAAD","PMK",8.15,1,66.93," < 10","Metastasis",0.33,"Female"
"P-0026963-T01-IM6","PAAD","PAAD","PWK",4.3,0,72.51," < 10","Primary",0.009,"Male"
"P-0027029-T01-IM6","PAAD","PAAD","PWK",6.57,1,56.31," < 10","Metastasis",0.001,"Female"
"P-0027032-T01-IM6","PAAD","PAAD","PWK",0,0,72.33," < 10","Metastasis",0.002,"Male"
"P-0027033-T01-IM6","PAAD","PAAD","BK",0,0,59.6," < 10","Metastasis",0.363,"Male"
"P-0027085-T01-IM6","PAAD","PAAD","BK",0,1,72.76," < 10","Primary",0.02,"Female"
"P-0027127-T01-IM6","PAAD","PAAD","PMK",13.96,0,70.07," < 10","Primary",0,"Female"
"P-0027138-T01-IM6","PAAD","PAAD","PMK",6.37,1,61.73," < 10","Metastasis",0.205,"Male"
"P-0027144-T01-IM6","PAAD","PAAD","PMK",26.74,1,74.09," < 10","Metastasis",0.017,"Male"
"P-0027157-T01-IM6","PAAD","PAAD","PWK",24.41,1,68.62," < 10","Primary",0.015,"Male"
"P-0027186-T01-IM6","PAAD","PAAD","PWK",16.72,1,59.56," < 10","Primary",0.001,"Female"
"P-0027274-T01-IM6","PAAD","PAAD","BK",3.38,1,62.57," < 10","Primary",0.28,"Male"
"P-0027299-T01-IM6","PAAD","PAAD","BK",12.29,1,68.02," < 10","Metastasis",0.026,"Female"
"P-0027303-T01-IM6","PAAD","PAAD","PMK",0,0,51.33," < 10","Primary",0,"Female"
"P-0027311-T01-IM6","PAAD","PAAD","PWK",27.17,0,70.93," < 10","Primary",0,"Male"
"P-0027319-T01-IM6","PAAD","PAAD","BK",18.2,1,53.51," < 10","Primary",0.063,"Female"
"P-0027323-T01-IM6","PAAD","PAAD","PWK",0,0,64.18," < 10","Primary",0.015,"Female"
"P-0027348-T01-IM6","PAAD","PAAD","PWK",18.04,1,73.43," < 10","Primary",0.193,"Male"
"P-0027354-T01-IM6","PAAD","PAAD","PWK",32.43,0,71.41," < 10","Primary",0,"Male"
"P-0027394-T01-IM6","PAAD","PAAD","PMK",15.77,0,60.97," < 10","Primary",0,"Male"
"P-0027411-T01-IM6","PAAD","PAAD","BK",17.41,1,58.31," < 10","Primary",0.049,"Male"
"P-0027412-T01-IM6","PAAD","PAAD","PMK",18,1,68.1," < 10","Primary",0.037,"Male"
"P-0027418-T01-IM6","PAAD","PAAD","BK",6.93,1,53.59," < 10","Metastasis",0.212,"Male"
"P-0027420-T01-IM6","PAAD","PAAD","PWK",5.42,1,71.17," < 10","Primary",0.012,"Female"
"P-0027421-T01-IM6","PAAD","PAAD","PWK",1.02,1,64.72," < 10","Metastasis",0.067,"Female"
"P-0027524-T01-IM6","PAAD","PAAD","BK",0.26,1,76.04," < 10","Metastasis",0.173,"Male"
"P-0027553-T01-IM6","PAAD","PAAD","PWK",7.06,1,56.94," < 10","Primary",0.093,"Female"
"P-0027602-T01-IM6","PAAD","PAAD","PWK",15.01,1,45.34," < 10","Metastasis",0.166,"Female"
"P-0027625-T01-IM6","PAAD","PAAD","PWK",9.79,1,62.91," < 10","Metastasis",0.408,"Male"
"P-0027627-T01-IM6","PAAD","PAAD","PWK",29.57,0,59.37," < 10","Primary",0.124,"Female"
"P-0027632-T01-IM6","PAAD","PAAD","BK",31.47,0,64.04," < 10","Primary",0.103,"Female"
"P-0027641-T01-IM6","PAAD","PAAD","PWK",2.4,1,67," < 10","Primary",0,"Female"
"P-0027694-T01-IM6","PAAD","PAAD","PWK",12.68,1,65.61," < 10","Primary",0.063,"Male"
"P-0027814-T01-IM6","PAAD","PAAD","PMK",11.53,1,59.41," < 10","Primary",0.044,"Male"
"P-0027830-T01-IM6","PAAD","PAAD","BK",29.21,0,58.88," < 10","Primary",0.018,"Female"
"P-0027837-T01-IM6","PAAD","PAAD","PWK",25.76,1,54.96," < 10","Primary",0.01,"Male"
"P-0027883-T01-IM6","PAAD","PAAD","PMK",32.2,0,48.11," < 10","Primary",0.173,"Female"
"P-0027891-T01-IM6","PAAD","PAAD","PWK",0.69,0,77.31," < 10","Metastasis",0.076,"Female"
"P-0027919-T01-IM6","PAAD","PAAD","BK",1.12,0,65.3," < 10","Primary",0,"Male"
"P-0027941-T01-IM6","PAAD","PAAD","BK",5.22,1,76.86," < 10","Primary",0.142,"Female"
"P-0028015-T01-IM6","PAAD","PAAD","PMK",1.68,1,86.6," < 10","Metastasis",0.582,"Female"
"P-0028084-T01-IM6","PAAD","PAAD","PWK",29.5,0,86.75," < 10","Primary",0.012,"Female"
"P-0028109-T01-IM6","PAAD","PAAD","PWK",30.52,0,82.93," < 10","Primary",0.103,"Male"
"P-0028118-T01-IM6","PAAD","PAAD","BK",3.65,1,73.09," < 10","Metastasis",0.652,"Female"
"P-0028120-T01-IM6","PAAD","PAAD","PWK",0,0,67.87," < 10","Primary",0.162,"Female"
"P-0028154-T01-IM6","PAAD","PAAD","BK",29.8,1,68.54," < 10","Primary",0,"Female"
"P-0028164-T01-IM6","PAAD","PAAD","PWK",0.59,0,63.36," < 10","Metastasis",0.299,"Female"
"P-0028195-T01-IM6","PAAD","PAAD","BK",4.34,1,63.02," < 10","Metastasis",0.005,"Male"
"P-0028198-T01-IM6","PAAD","PAAD","BK",29.18,0,73.66," < 10","Primary",0.012,"Female"
"P-0028202-T01-IM6","PAAD","PAAD","PWK",26.15,1,73.43," < 10","Primary",0.024,"Female"
"P-0028207-T01-IM6","PAAD","PAAD","PWK",29.73,1,57.77," < 10","Metastasis",0.386,"Female"
"P-0028249-T01-IM6","PAAD","PAAD","PWK",30.85,0,87.37," < 10","Primary",0,"Male"
"P-0028255-T01-IM6","PAAD","PAAD","PWK",29.44,0,81.12," < 10","Primary",0.003,"Female"
"P-0028334-T01-IM6","PAAD","PAAD","PWK",7.03,1,70.31," < 10","Primary",0.059,"Male"
"P-0028363-T01-IM6","PAAD","PAAD","PWK",31.51,0,67.41," < 10","Primary",0,"Male"
"P-0028419-T01-IM6","PAAD","PAAD","BK",5.13,1,58.58," < 10","Metastasis",0.16,"Male"
"P-0028425-T01-IM6","PAAD","PAAD","BK",0.89,0,59.76," < 10","Metastasis",0.131,"Male"
"P-0028428-T01-IM6","PAAD","PAAD","PMK",1.68,1,62.14," < 10","Metastasis",0.22,"Male"
"P-0028470-T01-IM6","PAAD","PAAD","BK",7.43,1,54.01," < 10","Metastasis",0.161,"Male"
"P-0028490-T01-IM6","PAAD","PAAD","BK",11.73,1,72.77," < 10","Metastasis",0.014,"Male"
"P-0028531-T01-IM6","PAAD","PAAD","BK",6.54,1,67.25," < 10","Primary",0.148,"Female"
"P-0028536-T01-IM6","PAAD","PAAD","PWK",0,0,71.9," < 10","Primary",0,"Female"
"P-0028577-T01-IM6","PAAD","PAAD","PWK",31.77,0,77.08," < 10","Primary",0.081,"Female"
"P-0028585-T01-IM6","PAAD","PAAD","BK",29.44,1,59.04," < 10","Metastasis",0.008,"Female"
"P-0028603-T01-IM6","PAAD","PAAD","PMK",3.02,1,70.32," < 10","Metastasis",0.283,"Male"
"P-0028618-T01-IM6","PAAD","PAAD","PMK",4.63,1,54.34," < 10","Primary",0.322,"Female"
"P-0028630-T01-IM6","PAAD","PAAD","PWK",31.34,0,81.42," < 10","Metastasis",0.141,"Female"
"P-0028641-T02-IM6","PAAD","PAAD","BK",12.52,1,68.32," < 10","Primary",0.054,"Female"
"P-0028677-T01-IM6","PAAD","PAAD","PWK",1.91,1,60.67," < 10","Metastasis",0.01,"Female"
"P-0028680-T01-IM6","PAAD","PAAD","PMK",11.24,1,78.09," < 10","Primary",0.394,"Female"
"P-0028691-T01-IM6","PANET","PAAD","PMK",8.48,1,53.05," < 10","Metastasis",0.384,"Female"
"P-0028708-T01-IM6","PAAD","PAAD","BK",7.06,1,79.41," < 10","Metastasis",0.154,"Female"
"P-0028744-T01-IM6","PAAD","PAAD","BK",28.29,0,69.36," < 10","Primary",0.009,"Male"
"P-0028779-T01-IM6","PAAD","PAAD","BK",21.36,1,76.73," < 10","Primary",0.022,"Female"
"P-0028869-T01-IM6","PAAD","PAAD","PMK",17.28,0,62.58," < 10","Primary",0.134,"Female"
"P-0028870-T01-IM6","PAAD","PAAD","PWK",1.81,1,64.47," < 10","Metastasis",0.05,"Male"
"P-0028878-T01-IM6","PAAD","PAAD","BK",30.95,0,48.22," < 10","Primary",0.059,"Male"
"P-0028923-T01-IM6","PAAD","PAAD","PWK",0,0,74.53," < 10","Metastasis",0.051,"Female"
"P-0028941-T01-IM6","PAAD","PAAD","PMK",22.57,1,55.1," < 10","Primary",0.223,"Male"
"P-0028995-T01-IM6","PAAD","PAAD","BK",0,0,71.17," < 10","Metastasis",0.085,"Male"
"P-0029019-T01-IM6","PAAD","PAAD","PMK",28.06,0,71.7," < 10","Primary",0.024,"Female"
"P-0029023-T01-IM6","PAAD","PAAD","BK",4.86,1,51.05," < 10","Metastasis",0.299,"Male"
"P-0029093-T01-IM6","PAAD","PAAD","BK",30.98,0,63.98," < 10","Primary",0,"Female"
"P-0029109-T01-IM6","PAAD","PAAD","BK",29.41,0,83.31," < 10","Primary",0,"Female"
"P-0029138-T01-IM6","PAAD","PAAD","BK",7.29,1,81.53," < 10","Primary",0.265,"Female"
"P-0029153-T01-IM6","PAAD","PAAD","PMK",9.36,1,58.95," < 10","Metastasis",0.582,"Male"
"P-0029156-T01-IM6","PAAD","PAAD","PWK",5.29,0,57.77," < 10","Primary",0.019,"Female"
"P-0029168-T01-IM6","PAAD","PAAD","BK",8.71,1,54.33," < 10","Metastasis",0.419,"Male"
"P-0029229-T01-IM6","PAAD","PAAD","PMK",7,1,66.86," < 10","Primary",0,"Female"
"P-0029281-T01-IM6","PAAD","PAAD","PMK",0,0,68.9," < 10","Metastasis",0.003,"Female"
"P-0029282-T01-IM6","PAAD","PAAD","PMK",3.22,1,66.03," < 10","Primary",0,"Female"
"P-0029288-T01-IM6","PAAD","PAAD","PMK",0,0,88.28," < 10","Primary",0.024,"Female"
"P-0029289-T01-IM6","PAAD","PAAD","PMK",0,0,62.93," < 10","Primary",0,"Female"
"P-0029377-T01-IM6","PAAD","PAAD","BK",0,0,58.43," < 10","Primary",0.074,"Male"
"P-0029478-T01-IM6","PAAD","PAAD","PWK",29.47,0,71.01," < 10","Primary",0.005,"Female"
"P-0029562-T01-IM6","PAAD","PAAD","BK",22.41,1,63.29," < 10","Metastasis",0.065,"Female"
"P-0029566-T01-IM6","PAAD","PAAD","BK",1.38,1,83.16," < 10","Metastasis",0.186,"Male"
"P-0029579-T01-IM6","PAAD","PAAD","BK",21.72,1,68.25," < 10","Primary",0,"Female"
"P-0029588-T01-IM6","PAAD","PAAD","BK",7.13,1,71.45," < 10","Metastasis",0,"Male"
"P-0029589-T01-IM6","PAAD","PAAD","PWK",14.72,0,74.14," < 10","Primary",0.011,"Male"
"P-0029597-T01-IM6","PAAD","PAAD","PMK",12.71,1,74.15," < 10","Primary",0.056,"Male"
"P-0029615-T01-IM6","PAAD","PAAD","PWK",6.34,1,63.83," < 10","Metastasis",0.032,"Male"
"P-0029649-T01-IM6","PAAD","PAAD","PWK",20.93,0,55.16," < 10","Primary",0.014,"Male"
"P-0029654-T01-IM6","PAAD","PAAD","PWK",29.7,0,60.19," < 10","Metastasis",0.021,"Male"
"P-0029665-T01-IM6","PAAD","PAAD","BK",30.36,0,75.72," < 10","Primary",0,"Female"
"P-0029719-T01-IM6","PAAD","PAAD","BK",8.18,1,61.87," < 10","Primary",0.197,"Female"
"P-0029760-T01-IM6","PAAD","PAAD","BK",0,0,69.8," < 10","Metastasis",0.337,"Male"
"P-0029780-T01-IM6","PAAD","PAAD","BK",4.76,1,53.91," < 10","Primary",0.017,"Male"
"P-0029816-T01-IM6","PAAD","PAAD","BK",21.68,0,67.25," < 10","Primary",0,"Female"
"P-0029819-T01-IM6","PAAD","PAAD","PWK",29.6,0,64.96," < 10","Primary",0.018,"Male"
"P-0029823-T01-IM6","PAAD","PAAD","BK",7.92,1,61.03," < 10","Metastasis",0.158,"Female"
"P-0029824-T01-IM6","PAAD","PAAD","BK",25.27,1,56.15," < 10","Metastasis",0.032,"Male"
"P-0029870-T01-IM6","PAAD","PAAD","BK",19.61,0,62.38," < 10","Primary",0.011,"Male"
"P-0029976-T01-IM6","PAAD","PAAD","BK",9.27,1,56.74," < 10","Primary",0.21,"Male"
"P-0029982-T01-IM6","PAAD","PAAD","PMK",0.26,0,66.37," < 10","Metastasis",0.19,"Male"
"P-0029986-T01-IM6","PAAD","PAAD","BK",12.71,1,70.51," < 10","Primary",0,"Male"
"P-0029996-T01-IM6","PAAD","PAAD","PMK",0,0,61.8," < 10","Metastasis",0.046,"Male"
"P-0030024-T01-IM6","PAAD","PAAD","BK",1.31,1,65.21," < 10","Primary",0.002,"Male"
"P-0030144-T01-IM6","PAAD","PAAD","BK",29.21,0,69.54," < 10","Primary",0.231,"Female"
"P-0030198-T01-IM6","PAAD","PAAD","BK",1.97,1,63.02," < 10","Metastasis",0,"Male"
"P-0030213-T01-IM6","PAAD","PAAD","PMK",1.31,0,48.76," < 10","Metastasis",0.197,"Male"
"P-0030218-T01-IM6","PAAD","PAAD","PWK",29.27,0,76.24," < 10","Primary",0,"Male"
"P-0030219-T01-IM6","PAAD","PAAD","PMK",27.07,1,77.13," < 10","Primary",0.252,"Male"
"P-0030264-T01-IM6","PAAD","PAAD","BK",5.95,0,69," < 10","Metastasis",0.628,"Female"
"P-0030289-T01-IM6","PAAD","PAAD","BK",9.07,1,55.94," < 10","Metastasis",0.285,"Female"
"P-0030407-T01-IM6","PAAD","PAAD","BK",0,0,71.32," < 10","Primary",0,"Male"
"P-0030442-T01-IM6","PAAD","PAAD","PMK",9.27,1,67.31," < 10","Metastasis",0.098,"Male"
"P-0030506-T01-IM6","PAAD","PAAD","BK",6.01,1,90," < 10","Primary",0.055,"Male"
"P-0030523-T01-IM6","PAAD","PAAD","BK",12.75,1,71.65," < 10","Primary",0.014,"Male"
"P-0030558-T01-IM6","PAAD","PAAD","PWK",0,0,81.92," < 10","Primary",0.154,"Male"
"P-0030559-T01-IM6","PAAD","PAAD","PMK",9.13,1,58.23," < 10","Metastasis",0.169,"Female"
"P-0030684-T01-IM6","PAAD","PAAD","PWK",18.56,0,70.43," < 10","Primary",0.009,"Female"
"P-0030702-T01-IM6","PAAD","PAAD","PWK",1.18,1,56.05," < 10","Metastasis",0.017,"Male"
"P-0030749-T01-IM6","PAAD","PAAD","PMK",8.71,1,62.85," < 10","Metastasis",0.058,"Female"
"P-0030773-T01-IM6","PAAD","PAAD","BK",10.19,1,76.47," < 10","Metastasis",0.055,"Male"
"P-0030787-T01-IM6","PAAD","PAAD","PWK",15.05,1,47.05," < 10","Metastasis",0.2,"Male"
"P-0030824-T01-IM6","PAAD","PAAD","PWK",15.41,0,52.62," < 10","Primary",0,"Male"
"P-0030826-T01-IM6","PAAD","PAAD","PWK",9.73,1,62.45," < 10","Metastasis",0.072,"Male"
"P-0030833-T01-IM6","PAAD","PAAD","PWK",13.4,1,58.03," < 10","Primary",0.103,"Female"
"P-0030841-T01-IM6","PAAD","PAAD","PMK",12.85,0,59.61," < 10","Primary",0.047,"Female"
"P-0030846-T01-IM6","PAAD","PAAD","BK",13.21,1,80.43," < 10","Primary",0.243,"Male"
"P-0030894-T01-IM6","PAAD","PAAD","PWK",28.49,0,60.18," >= 10","Primary",0.052,"Male"
"P-0030975-T01-IM6","PAAD","PAAD","BK",14.95,1,90," < 10","Primary",0.002,"Female"
"P-0031014-T01-IM6","PAAD","PAAD","PWK",27.8,0,64.84," < 10","Primary",0.133,"Female"
"P-0031025-T01-IM6","PAAD","PAAD","PMK",3.19,1,57.17," < 10","Metastasis",0.002,"Female"
"P-0031051-T01-IM6","PAAD","PAAD","PMK",0.26,1,86.68," < 10","Metastasis",0.03,"Male"
"P-0031084-T01-IM6","PAAD","PAAD","PWK",1.38,1,56.47," < 10","Metastasis",0.298,"Male"
"P-0031131-T01-IM6","PAAD","PAAD","BK",26.78,0,50.63," < 10","Primary",0.035,"Male"
"P-0031143-T01-IM6","PAAD","PAAD","BK",5.59,1,71.13," < 10","Metastasis",0.001,"Female"
"P-0031148-T01-IM6","PAAD","PAAD","PWK",28.32,0,65.33," < 10","Primary",0,"Female"
"P-0031153-T01-IM6","PAAD","PAAD","PMK",9.36,1,58.81," < 10","Primary",0.321,"Female"
"P-0031179-T01-IM6","PAAD","PAAD","PMK",28.72,0,53.28," < 10","Primary",0.038,"Male"
"P-0031187-T01-IM6","PAAD","PAAD","PWK",0,0,66.9," < 10","Primary",0.002,"Male"
"P-0031192-T01-IM6","PAAD","PAAD","PWK",26.15,1,56.88," < 10","Primary",0.135,"Female"
"P-0031200-T01-IM6","PAAD","PAAD","BK",15.74,1,76.72," < 10","Metastasis",0.006,"Female"
"P-0031228-T01-IM6","PAAD","PAAD","PMK",1.35,1,55.42," < 10","Metastasis",0.225,"Male"
"P-0031230-T01-IM6","PAAD","PAAD","BK",0,0,72.87," < 10","Primary",0.226,"Male"
"P-0031231-T01-IM6","PAAD","PAAD","PWK",26.58,1,57.45," < 10","Metastasis",0.305,"Male"
"P-0031245-T01-IM6","PAAD","PAAD","PWK",3.15,1,70.73," < 10","Metastasis",0.091,"Male"
"P-0031263-T01-IM6","PAAD","PAAD","PMK",24.64,1,63.87," < 10","Primary",0.213,"Female"
"P-0031305-T01-IM6","PAAD","PAAD","PWK",0.36,0,68.32," < 10","Primary",0,"Male"
"P-0031327-T01-IM6","PAAD","PAAD","BK",24.02,1,86.98," < 10","Primary",0.001,"Male"
"P-0031328-T01-IM6","PAAD","PAAD","PWK",1.35,1,77," < 10","Primary",0.164,"Female"
"P-0031352-T01-IM6","PAAD","PAAD","BK",27.93,0,65.45," < 10","Metastasis",0.065,"Male"
"P-0031372-T01-IM6","PAAD","PAAD","BK",18.23,0,59.74," < 10","Primary",0,"Female"
"P-0031394-T01-IM6","PAAD","PAAD","PWK",6.67,1,82.67," < 10","Metastasis",0.003,"Female"
"P-0031405-T01-IM6","PAAD","PAAD","BK",27.96,0,66.43," < 10","Primary",0,"Female"
"P-0031453-T01-IM6","PAAD","PAAD","PMK",16.13,1,67.98," < 10","Metastasis",0.29,"Male"
"P-0031506-T01-IM6","PAAD","PAAD","PWK",26.97,0,59.78," < 10","Primary",0.004,"Female"
"P-0031530-T01-IM6","PAAD","PAAD","BK",24.97,1,63.5," < 10","Primary",0.06,"Female"
"P-0031531-T01-IM6","PAAD","PAAD","PMK",17.64,1,69.72," < 10","Metastasis",0.533,"Female"
"P-0031582-T01-IM6","PAAD","PAAD","PMK",2.1,0,68.55," < 10","Primary",0.617,"Female"
"P-0031595-T01-IM6","PAAD","PAAD","BK",25.4,1,70.85," < 10","Metastasis",0.009,"Male"
"P-0031655-T01-IM6","PAAD","PAAD","BK",23.72,1,71.81," < 10","Primary",0.019,"Female"
"P-0031659-T01-IM6","PAAD","PAAD","BK",20.24,0,76.87," < 10","Metastasis",0.208,"Female"
"P-0031811-T01-IM6","PAAD","PAAD","PMK",6.83,1,49.87," < 10","Metastasis",0.005,"Male"
"P-0031864-T01-IM6","PAAD","PAAD","BK",14.52,1,62.35," < 10","Metastasis",0.343,"Female"
"P-0031874-T01-IM6","PAAD","PAAD","BK",1.25,0,67.29," < 10","Metastasis",0.126,"Male"
"P-0031881-T01-IM6","PAAD","PAAD","BK",6.31,0,70.46," < 10","Primary",0.033,"Male"
"P-0031884-T01-IM6","PAAD","PAAD","PWK",27.86,0,48.73," < 10","Primary",0,"Female"
"P-0031885-T01-IM6","PAAD","PAAD","PWK",26.84,0,49.79," < 10","Primary",0.103,"Female"
"P-0031918-T01-IM6","PAAD","PAAD","BK",NA,0,NA," < 10","Primary",0.185,"Female"
"P-0031938-T01-IM6","PAAD","PAAD","BK",26.55,1,68.89," < 10","Primary",0.171,"Male"
"P-0031940-T01-IM6","PAAD","PAAD","BK",14.72,1,55.77," < 10","Primary",0.001,"Female"
"P-0031952-T01-IM6","PAAD","PAAD","BK",1.97,1,67.9," < 10","Primary",0.005,"Male"
"P-0031964-T01-IM6","PAAD","PAAD","BK",27.2,0,57.1," < 10","Primary",0.023,"Female"
"P-0031988-T01-IM6","PAAD","PAAD","PMK",15.57,1,58.78," < 10","Metastasis",0.138,"Male"
"P-0031999-T01-IM6","PAAD","PAAD","BK",7.89,0,78.31," < 10","Primary",0.05,"Male"
"P-0032012-T01-IM6","PAAD","PAAD","PMK",3.81,0,87.55," < 10","Metastasis",0.34,"Female"
"P-0032056-T01-IM6","PAAD","PAAD","PWK",6.18,1,64.62," < 10","Metastasis",0.188,"Female"
"P-0032078-T01-IM6","PAAD","PAAD","PWK",11.37,1,69.91," < 10","Metastasis",0.021,"Male"
"P-0032109-T01-IM6","PAAD","PAAD","PWK",0,0,77.15," < 10","Primary",0.281,"Female"
"P-0032169-T01-IM6","PAAD","PAAD","BK",4.76,1,76.01," < 10","Primary",0.31,"Male"
"P-0032195-T01-IM6","PAAD","PAAD","BK",10.09,1,64.9," < 10","Metastasis",0.02,"Female"
"P-0032218-T01-IM6","PAAD","PAAD","BK",15.05,1,84.3," < 10","Metastasis",0.014,"Male"
"P-0032229-T01-IM6","PAAD","PAAD","BK",16.85,0,67.53," < 10","Primary",0.016,"Female"
"P-0032232-T01-IM6","PAAD","PAAD","BK",4.07,0,55.29," < 10","Primary",0,"Male"
"P-0032235-T01-IM6","PAAD","PAAD","BK",0,0,45.01," >= 10","Metastasis",0.024,"Female"
"P-0032312-T01-IM6","PAAD","PAAD","PMK",14.72,1,77.45," < 10","Primary",0.001,"Female"
"P-0032341-T01-IM6","PAAD","PAAD","BK",11.56,1,81.82," < 10","Primary",0,"Male"
"P-0032346-T01-IM6","PAAD","PAAD","BK",0.23,1,69.4," < 10","Metastasis",0.475,"Male"
"P-0032364-T01-IM6","PAAD","PAAD","PMK",1.41,0,86," < 10","Primary",0.179,"Female"
"P-0032401-T01-IM6","PAAD","PAAD","PMK",5.55,1,71.14," < 10","Primary",0.29,"Male"
"P-0032403-T01-IM6","PAAD","PAAD","PWK",26.61,0,89.53," < 10","Primary",0.235,"Female"
"P-0032426-T01-IM6","PAAD","PAAD","PWK",4.57,1,83.73," < 10","Primary",0.15,"Male"
"P-0032448-T01-IM6","PAAD","PAAD","BK",10.22,1,64.17," < 10","Metastasis",0.001,"Female"
"P-0032535-T01-IM6","PAAD","PAAD","PWK",26.84,0,62.54," < 10","Primary",0,"Male"
"P-0032627-T01-IM6","PAAD","PAAD","BK",25.63,0,72.39," < 10","Primary",0.042,"Male"
"P-0032631-T01-IM6","PAAD","PAAD","PMK",3.09,1,71," < 10","Metastasis",0.008,"Male"
"P-0032638-T01-IM6","PAAD","PAAD","BK",0,0,70.89," < 10","Metastasis",0.163,"Female"
"P-0032671-T01-IM6","PAAD","PAAD","BK",17.15,1,76.91," < 10","Primary",0,"Male"
"P-0032725-T01-IM6","PAAD","PAAD","PWK",6.08,1,62.57," < 10","Primary",0.276,"Male"
"P-0032744-T01-IM6","PAAD","PAAD","BK",4.53,1,63.94," < 10","Primary",0.005,"Male"
"P-0032749-T01-IM6","PAAD","PAAD","BK",0,0,75.78," < 10","Metastasis",0.049,"Male"
"P-0032756-T01-IM6","PAAD","PAAD","PWK",12.85,0,65.35," < 10","Primary",0.025,"Female"
"P-0032825-T01-IM6","PAAD","PAAD","BK",7.2,1,70.75," < 10","Metastasis",0.326,"Female"
"P-0032981-T01-IM6","PAAD","PAAD","PMK",8.05,0,56.62," < 10","Metastasis",0.309,"Female"
"P-0033017-T01-IM6","PAAD","PAAD","BK",26.32,0,51.46," < 10","Primary",0.023,"Male"
"P-0033022-T01-IM6","PAAD","PAAD","BK",3.12,1,53.71," < 10","Primary",0.093,"Male"
"P-0033080-T01-IM6","PAAD","PAAD","PMK",0.2,1,57.07," < 10","Metastasis",0.22,"Female"
"P-0033102-T01-IM6","PAAD","PAAD","PWK",10.41,1,70.14," < 10","Metastasis",0,"Male"
"P-0033171-T01-IM6","PAAD","PAAD","BK",6.87,1,83.1," < 10","Metastasis",0.088,"Male"
"P-0033201-T01-IM6","PAAD","PAAD","BK",7.1,0,41.23," < 10","Metastasis",0.275,"Male"
"P-0033255-T01-IM6","PAAD","PAAD","BK",8.51,1,55.82," < 10","Metastasis",0.323,"Female"
"P-0033299-T01-IM6","PAAD","PAAD","PMK",18.69,1,77.99," < 10","Primary",0,"Male"
"P-0033307-T01-IM6","PAAD","PAAD","BK",20.3,0,51.26," < 10","Primary",0.001,"Female"
"P-0033329-T01-IM6","PAAD","PAAD","BK",9.2,1,71.62," < 10","Metastasis",0.255,"Female"
"P-0033330-T01-IM6","PAAD","PAAD","PWK",7.52,1,79.15," < 10","Metastasis",0.06,"Female"
"P-0033343-T01-IM6","PAAD","PAAD","PWK",0,1,76.51," < 10","Primary",0,"Male"
"P-0033383-T01-IM6","PAAD","PAAD","BK",25.73,0,73.15," < 10","Metastasis",0.207,"Female"
"P-0033405-T01-IM6","PAAD","PAAD","PMK",0.99,1,69.91," < 10","Metastasis",0.454,"Male"
"P-0033428-T01-IM6","PAAD","PAAD","PWK",25.76,0,71.67," < 10","Primary",0.001,"Female"
"P-0033439-T01-IM6","PAAD","PAAD","PWK",5.19,1,67.76," < 10","Primary",0.25,"Female"
"P-0033518-T01-IM6","PAAD","PAAD","BK",0,0,52.02," < 10","Primary",0.084,"Male"
"P-0033545-T04-IM6","PAAD","PAAD","BK",7.52,1,62.81," < 10","Metastasis",0.173,"Female"
"P-0033596-T01-IM6","PAAD","PAAD","PMK",0,0,64.64," < 10","Primary",0.001,"Female"
"P-0033719-T02-IM6","PAAD","PAAD","PMK",NA,0,NA," < 10","Metastasis",0.003,"Male"
"P-0033760-T01-IM6","PAAD","PAAD","PMK",0.53,1,49.52," < 10","Primary",0.17,"Female"
"P-0033982-T01-IM6","PAAD","PAAD","BK",9.92,1,75.91," < 10","Metastasis",0.058,"Female"
"P-0034033-T01-IM6","PAAD","PAAD","BK",2.33,1,54.88," < 10","Primary",0,"Male"
"P-0034059-T01-IM6","PAAD","PAAD","BK",1.28,1,58.28," < 10","Primary",0.064,"Female"
"P-0034082-T01-IM6","PAAD","PAAD","BK",24.9,0,56.96," < 10","Primary",0.051,"Female"
"P-0034222-T01-IM6","PAAD","PAAD","PWK",6.93,1,60.89," < 10","Metastasis",0.013,"Male"
"P-0034261-T01-IM6","PAAD","PAAD","BK",3.94,0,67.03," < 10","Metastasis",0.394,"Male"
"P-0034275-T01-IM6","PAAD","PAAD","BK",16.23,1,75.87," < 10","Primary",0.163,"Male"
"P-0034324-T01-IM6","PAAD","PAAD","PMK",4.37,1,51.59," < 10","Metastasis",0.542,"Female"
"P-0034641-T01-IM6","PAAD","PAAD","PMK",8.87,1,72.84," < 10","Metastasis",0.532,"Female"
"P-0034702-T01-IM6","PAAD","PAAD","PMK",1.81,1,72.22," < 10","Primary",0.271,"Male"
"P-0034708-T01-IM6","PAAD","PAAD","PWK",6.11,0,66.75," < 10","Primary",0.062,"Female"
"P-0034709-T01-IM6","PAAD","PAAD","PMK",8.54,1,54.49," < 10","Primary",0.013,"Female"
"P-0034714-T01-IM6","PAAD","PAAD","PMK",10.22,1,38.99," < 10","Metastasis",0.022,"Male"
"P-0034773-T01-IM6","PAAD","PAAD","PMK",4.37,1,51.43," < 10","Primary",0.115,"Male"
"P-0034817-T01-IM6","PAAD","PAAD","BK",3.35,0,76.58," < 10","Metastasis",0.026,"Female"
"P-0034859-T01-IM6","PAAD","PAAD","BK",9.73,1,64.83," < 10","Metastasis",0.113,"Male"
"P-0034930-T01-IM6","PAAD","PAAD","BK",0,0,65.41," < 10","Primary",0.002,"Male"
"P-0034932-T01-IM6","PAAD","PAAD","PMK",5.59,1,66.11," < 10","Metastasis",0.001,"Female"
"P-0034939-T01-IM6","PAAD","PAAD","PWK",0.82,0,81.39," < 10","Metastasis",0.325,"Female"
"P-0035029-T01-IM6","PAAD","PAAD","BK",8.35,1,55.13," < 10","Primary",0.164,"Female"
"P-0035079-T01-IM6","PAAD","PAAD","PMK",17.25,1,78.9," < 10","Primary",0.053,"Female"
"P-0035083-T01-IM6","PAAD","PAAD","BK",20.07,1,49.02," < 10","Primary",0.047,"Male"
"P-0035105-T01-IM6","PAAD","PAAD","PMK",1.38,1,64.41," < 10","Metastasis",0.206,"Female"
"P-0035141-T01-IM6","PAAD","PAAD","BK",22.28,0,61.95," < 10","Primary",0.006,"Male"
"P-0035323-T01-IM6","PAAD","PAAD","BK",14.69,1,73.12," < 10","Metastasis",0.009,"Male"
"P-0035370-T01-IM6","PAAD","PAAD","BK",3.78,1,65.43," < 10","Metastasis",0.369,"Male"
"P-0035434-T01-IM6","PAAD","PAAD","BK",8.51,1,76.61," < 10","Primary",0.307,"Female"
"P-0035470-T02-IM6","PAAD","PAAD","BK",23.43,0,61.09," < 10","Metastasis",0.005,"Female"
"P-0035486-T01-IM6","PAAD","PAAD","PWK",17.38,1,78.45," < 10","Primary",0,"Male"
"P-0035518-T01-IM6","PAAD","PAAD","BK",8.44,1,58.93," < 10","Metastasis",0.155,"Female"
"P-0035524-T01-IM6","PAAD","PAAD","BK",23.03,0,68.63," < 10","Primary",0.01,"Male"
"P-0035525-T01-IM6","PAAD","PAAD","BK",2.73,1,80.62," < 10","Metastasis",0.261,"Male"
"P-0035573-T01-IM6","PAAD","PAAD","BK",23.75,0,70.67," < 10","Primary",0.276,"Male"
"P-0035577-T01-IM6","PAAD","PAAD","BK",4.99,1,62.6," < 10","Metastasis",0.705,"Male"
"P-0035724-T01-IM6","PAAD","PAAD","BK",18.07,1,69.84," < 10","Metastasis",0.014,"Female"
"P-0035736-T01-IM6","PAAD","PAAD","PWK",5.62,0,66.93," < 10","Primary",0.001,"Female"
"P-0035737-T01-IM6","PAAD","PAAD","PWK",23.56,0,70.86," < 10","Primary",0.543,"Male"
"P-0035776-T01-IM6","PAAD","PAAD","BK",16.03,1,68.45," < 10","Metastasis",0.013,"Male"
"P-0035780-T02-IM6","PAAD","PAAD","BK",8.18,0,NA," < 10","Metastasis",0.06,"Male"
"P-0035817-T01-IM6","PAAD","PAAD","BK",23.33,0,51.22," >= 10","Primary",0,"Male"
"P-0035833-T01-IM6","PAAD","PAAD","PWK",20.34,0,81.19," < 10","Primary",0.011,"Female"
"P-0035839-T01-IM6","PAAD","PAAD","BK",6.05,1,75.73," < 10","Metastasis",0.176,"Male"
"P-0036010-T01-IM6","PAAD","PAAD","PWK",4.6,1,62.12," < 10","Metastasis",0,"Male"
"P-0036018-T01-IM6","PAAD","PAAD","PWK",23.39,0,54.78," < 10","Primary",0.017,"Male"
"P-0036088-T01-IM6","PAAD","PAAD","BK",23.52,0,65.24," < 10","Primary",0.001,"Male"
"P-0036093-T01-IM6","PAAD","PAAD","PMK",9.5,1,82.09," < 10","Primary",0.001,"Male"
"P-0036094-T01-IM6","PAAD","PAAD","PMK",22.51,0,75.22," < 10","Primary",0.028,"Female"
"P-0036108-T01-IM6","PAAD","PAAD","PWK",14.69,1,60.64," < 10","Primary",0.125,"Female"
"P-0036115-T01-IM6","PAAD","PAAD","BK",4.6,1,70.35," < 10","Primary",0.091,"Female"
"P-0036116-T01-IM6","PAAD","PAAD","PWK",16.43,1,56.51," < 10","Metastasis",0.123,"Male"
"P-0036117-T01-IM6","PAAD","PAAD","PMK",22.08,0,76.57," < 10","Primary",0.271,"Female"
"P-0036130-T01-IM6","PAAD","PAAD","BK",2.79,0,73.64," < 10","Metastasis",0.016,"Male"
"P-0036158-T01-IM6","PAAD","PAAD","BK",8.12,0,38.28," < 10","Metastasis",0.078,"Female"
"P-0036269-T01-IM6","PAAD","PAAD","PMK",3.09,1,84.57," < 10","Primary",0.106,"Female"
"P-0036270-T01-IM6","PAAD","PAAD","PWK",13.54,1,74.37," < 10","Metastasis",0.002,"Female"
"P-0036360-T01-IM6","PAAD","PAAD","PMK",1.22,1,66.05," < 10","Metastasis",0.001,"Female"
"P-0036388-T01-IM6","PAAD","PAAD","PWK",0.33,1,76.88," < 10","Primary",0.014,"Female"
"P-0036423-T01-IM6","PAAD","PAAD","PMK",0.16,1,65.33," < 10","Metastasis",0.001,"Female"
"P-0036432-T01-IM6","PAAD","PAAD","PMK",22.41,0,51.72," < 10","Primary",0.011,"Female"
"P-0036443-T01-IM6","PAAD","PAAD","PWK",22.34,0,81.47," < 10","Primary",0.057,"Male"
"P-0036533-T01-IM6","PAAD","PAAD","PWK",21.75,0,67.64," < 10","Primary",0.003,"Female"
"P-0036591-T01-IM6","PAAD","PAAD","BK",0,0,64.65," < 10","Metastasis",0.474,"Male"
"P-0036597-T01-IM6","PAAD","PAAD","PWK",3.38,1,80.21," < 10","Primary",0.004,"Female"
"P-0036610-T01-IM6","PAAD","PAAD","BK",7.98,1,61.3," < 10","Primary",0.002,"Male"
"P-0036665-T01-IM6","PAAD","PAAD","BK",2.6,0,57.59," < 10","Metastasis",0.237,"Female"
"P-0036713-T01-IM6","PAAD","PAAD","PWK",4.27,0,66.05," < 10","Metastasis",0,"Male"
"P-0036716-T01-IM6","PAAD","PAAD","BK",19.09,0,79.83," >= 10","Primary",0.078,"Male"
"P-0036743-T01-IM6","PAAD","PAAD","PWK",10.81,0,72.3," < 10","Primary",0.09,"Female"
"P-0036811-T01-IM6","PAAD","PAAD","PWK",0,0,76.08," < 10","Primary",0.001,"Female"
"P-0036883-T01-IM6","PAAD","PAAD","PWK",3.35,0,70.05," < 10","Primary",0.179,"Female"
"P-0036919-T01-IM6","PAAD","PAAD","BK",6.28,0,53.22," < 10","Primary",0.006,"Female"
"P-0036923-T01-IM6","PAAD","PAAD","BK",1.68,1,69.33," < 10","Primary",0,"Male"
"P-0036946-T07-IM6","PAAD","PAAD","PMK",NA,0,NA," < 10","Metastasis",0.014,"Female"
"P-0036976-T02-IM6","PAAD","PAAD","PMK",21.13,0,72.9," < 10","Primary",0.014,"Female"
"P-0037083-T01-IM6","PAAD","PAAD","PMK",9.76,1,60.66," < 10","Metastasis",0.163,"Male"
"P-0037093-T01-IM6","PAAD","PAAD","PWK",9.66,0,75.16," < 10","Primary",0.002,"Female"
"P-0037098-T01-IM6","PAAD","PAAD","PMK",8.97,1,57.79," < 10","Primary",0.001,"Male"
"P-0037148-T01-IM6","PAAD","PAAD","PMK",9.5,1,56.51," < 10","Metastasis",0.053,"Male"
"P-0037191-T02-IM6","PAAD","PAAD","PMK",0,0,60.33," < 10","Metastasis",0,"Male"
"P-0037192-T01-IM6","PAAD","PAAD","PWK",21.95,0,66.62," < 10","Primary",0.003,"Female"
"P-0037218-T01-IM6","PAAD","PAAD","BK",21.85,0,81.66," < 10","Primary",0.006,"Male"
"P-0037239-T01-IM6","PAAD","PAAD","PWK",5.88,1,81.63," < 10","Primary",0,"Male"
"P-0037253-T01-IM6","PAAD","PAAD","PMK",20.37,1,53.92," < 10","Metastasis",0.329,"Female"
"P-0037291-T01-IM6","PAAD","PAAD","PMK",8.64,1,77.35," < 10","Primary",0.131,"Male"
"P-0037366-T01-IM6","PAAD","PAAD","BK",1.05,1,71.63," < 10","Primary",0.227,"Male"
"P-0037374-T01-IM6","PAAD","PAAD","BK",20.44,0,83.24," < 10","Primary",0.001,"Female"
"P-0037398-T01-IM6","PAAD","PAAD","PMK",4.76,1,63.17," < 10","Primary",0.046,"Male"
"P-0037400-T01-IM6","PAAD","PAAD","PWK",3.55,1,61.44," < 10","Primary",0.161,"Male"
"P-0037442-T01-IM6","PAAD","PAAD","PMK",14.23,0,58.8," < 10","Metastasis",0,"Male"
"P-0037510-T01-IM6","PAAD","PAAD","PWK",4.47,0,54.05," < 10","Primary",0,"Female"
"P-0037529-T01-IM6","PAAD","PAAD","BK",0.59,0,78.73," < 10","Primary",0.3,"Female"
"P-0037544-T01-IM6","PAAD","PAAD","BK",1.64,1,77.64," < 10","Metastasis",0.236,"Female"
"P-0037613-T01-IM6","PAAD","PAAD","BK",1.51,1,65.05," < 10","Metastasis",0.316,"Male"
"P-0037614-T01-IM6","PAAD","PAAD","BK",8.97,1,76.74," < 10","Primary",0.009,"Female"
"P-0037647-T01-IM6","PAAD","PAAD","PWK",4.07,1,61.05," < 10","Metastasis",0.212,"Female"
"P-0037754-T01-IM6","PAAD","PAAD","BK",17.25,1,71.2," < 10","Primary",0.168,"Male"
"P-0037788-T01-IM6","PAAD","PAAD","PMK",8.71,0,66.12," < 10","Primary",0.444,"Female"
"P-0037803-T01-IM6","PAAD","PAAD","PMK",6.34,1,60.48," < 10","Metastasis",0.164,"Female"
"P-0037857-T01-IM6","PAAD","PAAD","PMK",0,0,71.96," < 10","Metastasis",0.212,"Male"
"P-0037920-T01-IM6","PAAD","PAAD","PMK",13.9,1,76.95," < 10","Metastasis",0.261,"Male"
"P-0037923-T01-IM6","PAAD","PAAD","BK",12.55,1,67.42," < 10","Metastasis",0.238,"Male"
"P-0037989-T01-IM6","PAAD","PAAD","BK",17.71,0,88.78," < 10","Primary",0.035,"Male"
"P-0038052-T01-IM6","PAAD","PAAD","BK",9.17,1,54.26," < 10","Metastasis",0.038,"Male"
"P-0038074-T02-IM6","PAAD","PAAD","PMK",10.09,1,65.82," < 10","Primary",0.158,"Female"
"P-0038083-T01-IM6","PAAD","PAAD","PMK",12.32,1,77.19," < 10","Primary",0.002,"Female"
"P-0038090-T01-IM6","PAAD","PAAD","BK",12.22,1,70.44," < 10","Primary",0.096,"Female"
"P-0038210-T01-IM6","PAAD","PAAD","PWK",20.63,0,59.69," < 10","Primary",0.138,"Female"
"P-0038241-T01-IM6","PAAD","PAAD","PWK",17.12,1,80.22," < 10","Primary",0.003,"Male"
"P-0038292-T01-IM6","PAAD","PAAD","BK",17.74,1,48.3," < 10","Primary",0.043,"Male"
"P-0038335-T01-IM6","PAAD","PAAD","BK",13.83,1,68.62," < 10","Metastasis",0.219,"Female"
"P-0038338-T01-IM6","PAAD","PAAD","PWK",5.42,0,62.38," < 10","Metastasis",0.016,"Female"
"P-0038371-T01-IM6","PAAD","PAAD","PMK",6.8,1,69.78," < 10","Metastasis",0.376,"Male"
"P-0038402-T01-IM6","PAAD","PAAD","BK",7.98,1,66.02," < 10","Primary",0,"Female"
"P-0038465-T01-IM6","PAAD","PAAD","PWK",8.31,1,75.79," < 10","Primary",0.011,"Male"
"P-0038511-T01-IM6","PAAD","PAAD","BK",6.21,0,88.89," < 10","Primary",0.31,"Male"
"P-0038539-T01-IM6","PAAD","PAAD","BK",20.6,0,48.87," < 10","Metastasis",0.211,"Male"
"P-0038541-T01-IM6","PAAD","PAAD","PWK",1.51,1,71.18," < 10","Metastasis",0.507,"Female"
"P-0038555-T01-IM6","PAAD","PAAD","BK",9.56,1,69.58," < 10","Primary",0,"Female"
"P-0038557-T01-IM6","PAAD","PAAD","BK",14.75,1,71.25," < 10","Metastasis",0.139,"Female"
"P-0038594-T01-IM6","PAAD","PAAD","PMK",9.07,0,80.38," < 10","Primary",0.005,"Female"
"P-0038625-T01-IM6","PAAD","PAAD","BK",19.48,0,63.1," < 10","Primary",0.117,"Female"
"P-0038642-T01-IM6","PAAD","PAAD","PMK",2.99,1,75.5," < 10","Primary",0.124,"Male"
"P-0038656-T01-IM6","PAAD","PAAD","PWK",4.27,0,70.8," < 10","Primary",0.072,"Female"
"P-0038685-T01-IM6","PAAD","PAAD","BK",NA,0,NA," < 10","Primary",0.037,"Male"
"P-0038752-T01-IM6","PAAD","PAAD","PMK",13.11,1,78.12," < 10","Primary",0.011,"Male"
"P-0038757-T01-IM6","PAAD","PAAD","BK",19.81,0,65.68," < 10","Primary",0.061,"Female"
"P-0038776-T01-IM6","PAAD","PAAD","BK",0,0,84.25," < 10","Primary",0.001,"Female"
"P-0038793-T01-IM6","PAAD","PAAD","PMK",16.33,1,66.71," < 10","Metastasis",0.258,"Male"
"P-0038795-T01-IM6","PAAD","PAAD","BK",7.1,0,72.06," < 10","Primary",0.035,"Male"
"P-0038802-T01-IM6","PAAD","PAAD","BK",18.53,1,69.98," < 10","Primary",0.028,"Female"
"P-0038813-T01-IM6","PAAD","PAAD","BK",20.37,0,50.95," < 10","Metastasis",0.11,"Male"
"P-0038815-T01-IM6","PAAD","PAAD","PMK",14.82,1,54.83," < 10","Metastasis",0,"Female"
"P-0038819-T01-IM6","PAAD","PAAD","BK",1.38,0,56.27," < 10","Primary",0.403,"Female"
"P-0039020-T01-IM6","PAAD","PAAD","PMK",19.91,0,62.82," < 10","Primary",0.001,"Female"
"P-0039085-T01-IM6","PAAD","PAAD","BK",20.11,0,39.06," < 10","Primary",0,"Male"
"P-0039143-T01-IM6","PAAD","PAAD","PMK",20.01,0,64.03," < 10","Metastasis",0.115,"Male"
"P-0039144-T01-IM6","PAAD","PAAD","PWK",9.17,0,80.91," < 10","Metastasis",0.26,"Female"
"P-0039271-T01-IM6","PAAD","PAAD","PMK",1.68,1,55.4," < 10","Primary",0.002,"Male"
"P-0039285-T02-IM6","PAAD","PAAD","BK",19.98,0,NA," < 10","Metastasis",0.012,"Male"
"P-0039356-T01-IM6","PAAD","PAAD","PMK",21.29,0,80.46," < 10","Primary",0.077,"Female"
"P-0039366-T01-IM6","PAAD","PAAD","PMK",0.79,1,59.04," < 10","Primary",0.095,"Female"
"P-0039400-T01-IM6","PAAD","PAAD","PWK",3.02,1,45.89," < 10","Primary",0.016,"Male"
"P-0039423-T01-IM6","PAAD","PAAD","PWK",17.02,0,67.35," < 10","Primary",0,"Male"
"P-0039445-T01-IM6","PAAD","PAAD","BK",5.95,0,69.8," < 10","Primary",0.001,"Female"
"P-0039456-T01-IM6","PAAD","PAAD","BK",15.21,0,66.33," < 10","Primary",0.006,"Male"
"P-0039457-T01-IM6","PAAD","PAAD","BK",15.77,1,69.88," < 10","Primary",0,"Male"
"P-0039461-T01-IM6","PAAD","PAAD","PMK",11.47,0,69.5," < 10","Primary",0.021,"Male"
"P-0039510-T01-IM6","PAAD","PAAD","PWK",13.08,0,55.69," < 10","Primary",0.103,"Female"
"P-0039523-T02-IM6","PAAD","PAAD","PMK",4.73,1,60.5," < 10","Primary",0.431,"Male"
"P-0039568-T01-IM6","PAAD","PAAD","PWK",8.77,0,84.18," < 10","Metastasis",0.222,"Female"
"P-0039601-T01-IM6","PAAD","PAAD","BK",2.04,1,67.16," < 10","Primary",0.013,"Male"
"P-0039646-T01-IM6","PAAD","PAAD","BK",4.57,1,70.44," < 10","Primary",0.027,"Male"
"P-0039724-T01-IM6","PAAD","PAAD","PWK",2,0,72.94," < 10","Metastasis",0.001,"Female"
"P-0039733-T01-IM6","PAAD","PAAD","PWK",6.8,1,52.86," < 10","Metastasis",0.126,"Male"
"P-0039736-T01-IM6","PAAD","PAAD","PWK",7.33,1,58.21," < 10","Primary",0.354,"Female"
"P-0039794-T01-IM6","PAAD","PAAD","BK",19.35,0,74.75," < 10","Metastasis",0.111,"Female"
"P-0039817-T01-IM6","PAAD","PAAD","PWK",15.28,1,59.5," < 10","Primary",0.001,"Male"
"P-0039866-T01-IM6","PAAD","PAAD","BK",5.06,1,51.98," < 10","Primary",0.003,"Male"
"P-0039888-T01-IM6","PAAD","PAAD","PWK",16.3,0,83.12," >= 10","Primary",0.185,"Female"
"P-0039939-T01-IM6","PAAD","PAAD","BK",5.62,1,69.17," < 10","Primary",0.039,"Male"
"P-0039947-T01-IM6","PAAD","PAAD","BK",12.68,1,66.18," < 10","Metastasis",0.138,"Male"
"P-0039984-T01-IM6","PAAD","PAAD","BK",12.12,1,69.21," < 10","Primary",0.064,"Female"
"P-0040031-T01-IM6","PAAD","PAAD","BK",19.09,0,72.73," < 10","Primary",0,"Female"
"P-0040033-T01-IM6","PAAD","PAAD","PMK",7.59,1,68.7," < 10","Primary",0.36,"Female"
"P-0040130-T01-IM6","PAAD","PAAD","PWK",0,0,41.99," < 10","Primary",0.493,"Male"
"P-0040152-T02-IM6","PAAD","PAAD","PMK",0.16,0,75.68," < 10","Metastasis",0.335,"Male"
"P-0040159-T01-IM6","PAAD","PAAD","BK",NA,0,NA," < 10","Primary",0.184,"Male"
"P-0040178-T01-IM6","PAAD","PAAD","BK",13.73,1,70.11," < 10","Primary",0.069,"Male"
"P-0040202-T01-IM6","PAAD","PAAD","PWK",16.92,1,57.3," < 10","Metastasis",0.342,"Female"
"P-0040229-T01-IM6","PAAD","PAAD","BK",5.26,1,62.08," < 10","Primary",0,"Male"
"P-0040241-T01-IM6","PAAD","PAAD","BK",0.82,1,64.34," < 10","Metastasis",0.288,"Male"
"P-0040248-T01-IM6","PAAD","PAAD","PWK",0.66,1,70.32," < 10","Primary",0.192,"Female"
"P-0040256-T01-IM6","PAAD","PAAD","PWK",18.63,0,73.6," < 10","Primary",0.223,"Male"
"P-0040257-T01-IM6","PAAD","PAAD","BK",0.85,0,70," < 10","Metastasis",0.152,"Male"
"P-0040294-T01-IM6","PAAD","PAAD","PMK",6.74,0,71.12," < 10","Primary",0.001,"Male"
"P-0040302-T01-IM6","PAAD","PAAD","BK",18.86,0,51.8," < 10","Primary",0.002,"Female"
"P-0040340-T01-IM6","PAAD","PAAD","PMK",4.07,0,50.72," < 10","Primary",0,"Male"
"P-0040369-T01-IM6","PAAD","PAAD","PMK",5.95,0,71.51," < 10","Metastasis",0.163,"Female"
"P-0040447-T01-IM6","PAAD","PAAD","BK",9.07,1,58.74," < 10","Metastasis",0.23,"Male"
"P-0040495-T01-IM6","PAAD","PAAD","PMK",18.69,0,42.14," < 10","Primary",0.062,"Male"
"P-0040572-T01-IM6","PAAD","PAAD","BK",6.6,1,79.29," < 10","Metastasis",0.359,"Female"
"P-0040582-T01-IM6","PAAD","PAAD","BK",2.56,1,75.28," < 10","Metastasis",0.24,"Male"
"P-0040604-T02-IM6","PAAD","PAAD","PMK",10.41,1,45.93," < 10","Primary",0.221,"Male"
"P-0040632-T01-IM6","PAAD","PAAD","PWK",0,0,39.43," < 10","Primary",0.019,"Male"
"P-0040687-T01-IM6","PAAD","PAAD","BK",18.79,0,56.58," < 10","Primary",0.002,"Female"
"P-0040692-T01-IM6","PAAD","PAAD","PWK",1.25,1,72.48," < 10","Primary",0.011,"Male"
"P-0040777-T01-IM6","PAAD","PAAD","BK",12.78,1,76.88," < 10","Metastasis",0.088,"Male"
"P-0040802-T01-IM6","PAAD","PAAD","PMK",0.36,1,76.18," < 10","Primary",0.357,"Female"
"P-0040808-T01-IM6","PAAD","PAAD","PWK",8.02,0,90," < 10","Primary",0.016,"Male"
"P-0040845-T01-IM6","PAAD","PAAD","PMK",1.58,1,70.44," < 10","Metastasis",0.183,"Female"
"P-0040885-T01-IM6","PAAD","PAAD","PWK",0,0,57.39," < 10","Primary",0.17,"Female"
"P-0040895-T01-IM6","PAAD","PAAD","PMK",12.71,1,65.85," < 10","Primary",0.011,"Female"
"P-0040925-T01-IM6","PAAD","PAAD","BK",0,0,68.73," < 10","Metastasis",0.367,"Female"
"P-0040951-T01-IM6","PAAD","PAAD","BK",0,0,72.96," < 10","Metastasis",0.08,"Female"
"P-0041033-T01-IM6","PAAD","PAAD","PMK",4.7,0,68.9," < 10","Primary",0,"Male"
"P-0041071-T01-IM6","PAAD","PAAD","PMK",9.76,1,55.98," < 10","Metastasis",0.469,"Female"
"P-0041119-T01-IM6","PAAD","PAAD","BK",6.8,1,68.33," < 10","Metastasis",0.423,"Female"
"P-0041123-T01-IM6","PAAD","PAAD","PMK",9.96,1,76.59," < 10","Primary",0.023,"Male"
"P-0041127-T01-IM6","PAAD","PAAD","PMK",2.27,0,54.6," < 10","Primary",0.001,"Male"
"P-0041216-T01-IM6","PAAD","PAAD","PMK",17.22,1,61.15," < 10","Primary",0.044,"Male"
"P-0041281-T01-IM6","PAAD","PAAD","BK",17.25,0,61.99," < 10","Metastasis",0.002,"Female"
"P-0041298-T01-IM6","PAAD","PAAD","PMK",5.16,1,62.45," < 10","Primary",0,"Female"
"P-0041324-T01-IM6","PAAD","PAAD","PWK",0,0,80.55," < 10","Primary",0.012,"Female"
"P-0041341-T01-IM6","PAAD","PAAD","PWK",3.81,1,64.39," < 10","Primary",0,"Male"
"P-0041386-T01-IM6","PAAD","PAAD","BK",0.23,1,77.26," < 10","Primary",0.008,"Female"
"P-0041476-T02-IM6","PAAD","PAAD","BK",0.56,1,75.05," < 10","Primary",0.457,"Male"
"P-0041478-T01-IM6","PAAD","PAAD","PMK",18.1,0,53.93," < 10","Primary",0.046,"Male"
"P-0041517-T01-IM6","PAAD","PAAD","BK",17.15,0,65.31," < 10","Primary",0.006,"Female"
"P-0041530-T01-IM6","PAAD","PAAD","PMK",5.19,0,66.02," < 10","Primary",0,"Female"
"P-0041550-T01-IM6","PAAD","PAAD","PWK",11.1,0,76.67," < 10","Metastasis",0.002,"Female"
"P-0041568-T01-IM6","PAAD","PAAD","PWK",0,0,68.7," < 10","Primary",0,"Female"
"P-0041574-T01-IM6","PAAD","PAAD","BK",17.97,0,85.31," < 10","Metastasis",0.001,"Female"
"P-0041604-T01-IM6","PAAD","PAAD","PWK",17.94,0,55.48," < 10","Primary",0.067,"Male"
"P-0041606-T01-IM6","PAAD","PAAD","BK",11.5,0,49.66," < 10","Primary",0.01,"Male"
"P-0041682-T01-IM6","PAAD","PAAD","PMK",0.07,0,65.62," < 10","Metastasis",0.196,"Male"
"P-0041862-T01-IM6","PAAD","PAAD","PMK",1.87,1,80.11," < 10","Primary",0,"Male"
"P-0041900-T01-IM6","PAAD","PAAD","PWK",9.07,1,76.47," < 10","Primary",0.008,"Male"
"P-0041989-T01-IM6","PAAD","PAAD","BK",13.34,1,75.06," < 10","Primary",0.176,"Female"
"P-0042067-T01-IM6","PAAD","PAAD","BK",2.46,0,67.35," < 10","Metastasis",0.492,"Male"
"P-0042226-T01-IM6","PAAD","PAAD","BK",16.56,1,70.21," < 10","Primary",0.045,"Male"
"P-0042232-T01-IM6","PAAD","PAAD","BK",0,0,68.73," < 10","Metastasis",0.022,"Male"
"P-0042238-T01-IM6","PAAD","PAAD","BK",14.69,0,58.38," < 10","Metastasis",0.113,"Male"
"P-0042259-T01-IM6","PAAD","PAAD","BK",13.83,0,59.26," < 10","Primary",0.001,"Female"
"P-0042269-T01-IM6","PAAD","PAAD","BK",1.68,1,56.45," < 10","Metastasis",0.374,"Female"
"P-0042280-T01-IM6","PAAD","PAAD","PMK",10.71,1,55.23," < 10","Primary",0,"Female"
"P-0042345-T01-IM6","PAAD","PAAD","PMK",2.92,1,35.7," < 10","Primary",0.181,"Female"
"P-0042352-T01-IM6","PAAD","PAAD","PMK",0,0,39.51," < 10","Primary",0.005,"Female"
"P-0042370-T01-IM6","PAAD","PAAD","PMK",15.97,1,67.69," < 10","Primary",0.141,"Female"
"P-0042377-T01-IM6","PAAD","PAAD","BK",0.82,1,57.87," < 10","Metastasis",0.096,"Male"
"P-0042388-T01-IM6","PAAD","PAAD","PWK",13.04,0,75.07," < 10","Metastasis",0.002,"Male"
"P-0042391-T01-IM6","PAAD","PAAD","PWK",4.73,0,70.77," < 10","Metastasis",0.014,"Male"
"P-0042398-T01-IM6","PAAD","PAAD","PMK",12.58,1,69.9," < 10","Metastasis",0.396,"Male"
"P-0042403-T01-IM6","PANET","PAAD","PMK",12.02,1,59.61," < 10","Metastasis",0.218,"Female"
"P-0042404-T01-IM6","PAAD","PAAD","PWK",1.12,0,51.07," < 10","Metastasis",0.253,"Female"
"P-0042493-T01-IM6","PAAD","PAAD","BK",5.39,1,72.69," < 10","Metastasis",0.109,"Male"
"P-0042523-T01-IM6","PAAD","PAAD","BK",7.33,0,54.79," < 10","Metastasis",0.21,"Male"
"P-0042530-T01-IM6","PAAD","PAAD","BK",16.79,0,60.43," < 10","Primary",0.002,"Female"
"P-0042532-T01-IM6","PAAD","PAAD","PMK",0,0,77.89," < 10","Primary",0.05,"Male"
"P-0042546-T01-IM6","PAAD","PAAD","BK",13.57,0,62.79," < 10","Primary",0,"Male"
"P-0042604-T01-IM6","PAAD","PAAD","PMK",10.35,0,76.55," < 10","Primary",0.053,"Male"
"P-0042665-T01-IM6","PAAD","PAAD","PWK",17.02,0,54.29," < 10","Primary",0.062,"Female"
"P-0042666-T01-IM6","PAAD","PAAD","BK",16.89,0,51.67," < 10","Primary",0.111,"Male"
"P-0042705-T01-IM6","PAAD","PAAD","BK",6.83,1,71.55," < 10","Primary",0.022,"Male"
"P-0042709-T01-IM6","PAAD","PAAD","PMK",10.12,0,45.77," < 10","Metastasis",0.033,"Male"
"P-0042710-T01-IM6","PAAD","PAAD","BK",6.11,1,67.53," >= 10","Metastasis",0.317,"Male"
"P-0042715-T01-IM6","PAAD","PAAD","BK",13.7,0,66.11," < 10","Primary",0.009,"Male"
"P-0042743-T01-IM6","PAAD","PAAD","BK",10.61,1,86.98," < 10","Primary",0,"Male"
"P-0042810-T01-IM6","PAAD","PAAD","PMK",4.53,1,55.37," < 10","Primary",0.317,"Male"
"P-0042814-T01-IM6","PAAD","PAAD","PMK",8.61,1,66.52," < 10","Metastasis",0.309,"Female"
"P-0042882-T02-IM6","PAAD","PAAD","PWK",7.75,1,NA," < 10","Primary",0.207,"Female"
"P-0042982-T01-IM6","PAAD","PAAD","BK",16.43,0,65.92," < 10","Primary",0.328,"Female"
"P-0042983-T01-IM6","PAAD","PAAD","PMK",10.05,1,65.5," < 10","Primary",0.293,"Female"
"P-0043004-T01-IM6","PAAD","PAAD","PWK",16.72,0,59.32," < 10","Metastasis",0.004,"Female"
"P-0043039-T01-IM6","PAAD","PAAD","PMK",9.1,1,64.06," < 10","Primary",0.315,"Female"
"P-0043092-T01-IM6","PAAD","PAAD","PMK",4.63,0,72.51," < 10","Metastasis",0.792,"Female"
"P-0043119-T01-IM6","PAAD","PAAD","BK",14.29,0,78.79," < 10","Primary",0,"Female"
"P-0043145-T01-IM6","PAAD","PAAD","PMK",4.5,1,78.31," < 10","Primary",0,"Female"
"P-0043162-T01-IM6","PAAD","PAAD","BK",11.17,0,77.32," < 10","Metastasis",0.001,"Female"
"P-0043223-T01-IM6","PAAD","PAAD","BK",0,0,66.83," < 10","Metastasis",0.128,"Male"
"P-0043346-T01-IM6","PAAD","PAAD","PWK",11.99,1,58.38," < 10","Metastasis",0.242,"Female"
"P-0043392-T01-IM6","PAAD","PAAD","PMK",0,0,49.42," < 10","Metastasis",0.002,"Male"
"P-0043404-T01-IM6","PAAD","PAAD","BK",9.43,0,80.05," < 10","Primary",0.009,"Male"
"P-0043568-T01-IM6","PAAD","PAAD","BK",11.5,1,79.7," < 10","Primary",0.089,"Male"
"P-0043574-T01-IM6","PAAD","PAAD","BK",1.84,1,77.63," < 10","Primary",0.004,"Male"
"P-0043586-T01-IM6","PAAD","PAAD","BK",16.07,0,56.7," < 10","Primary",0.004,"Female"
"P-0043647-T01-IM6","PAAD","PAAD","BK",6.47,1,58.12," < 10","Metastasis",0.113,"Male"
"P-0043650-T01-IM6","PAAD","PAAD","PMK",3.84,1,73.08," < 10","Primary",0.058,"Female"
"P-0043660-T01-IM6","PAAD","PAAD","BK",16.07,0,74.18," < 10","Metastasis",0.077,"Female"
"P-0043661-T01-IM6","PAAD","PAAD","PMK",2.33,1,67.61," < 10","Primary",0.003,"Male"
"P-0043687-T01-IM6","PAAD","PAAD","BK",11.2,1,74.9," < 10","Metastasis",0.345,"Female"
"P-0043721-T01-IM6","PAAD","PAAD","BK",4.7,0,85.3," < 10","Metastasis",0,"Male"
"P-0043729-T01-IM6","PAAD","PAAD","PMK",3.02,1,76.36," < 10","Primary",0.221,"Female"
"P-0043928-T01-IM6","PAAD","PAAD","PMK",16.39,1,76.48," < 10","Primary",0.042,"Male"
"P-0043961-T01-IM6","PAAD","PAAD","BK",6.54,0,53.18," < 10","Primary",0.284,"Female"
"P-0044007-T01-IM6","PAAD","PAAD","BK",0,0,62.68," < 10","Metastasis",0.266,"Female"
"P-0044116-T01-IM6","PAAD","PAAD","BK",6.28,0,74.17," >= 10","Metastasis",0.167,"Male"
"P-0044117-T01-IM6","PAAD","PAAD","BK",2.79,1,54.69," < 10","Metastasis",0.019,"Male"
"P-0044135-T01-IM6","PAAD","PAAD","PMK",16.2,1,64.27," < 10","Metastasis",0.394,"Male"
"P-0044137-T01-IM6","PAAD","PAAD","BK",15.18,0,70.55," < 10","Metastasis",0.301,"Male"
"P-0044167-T01-IM6","PAAD","PAAD","PMK",0,0,68.04," < 10","Metastasis",0,"Male"
"P-0044170-T01-IM6","PAAD","PAAD","BK",8.9,1,58.35," < 10","Metastasis",0.192,"Male"
"P-0044171-T01-IM6","PAAD","PAAD","BK",17.28,0,72.73," < 10","Primary",0.337,"Male"
"P-0044183-T01-IM6","PAAD","PAAD","PMK",16.33,0,72.98," < 10","Primary",0.002,"Male"
"P-0044210-T01-IM6","PAAD","PAAD","PMK",16.2,0,69.88," < 10","Primary",0.001,"Female"
"P-0044215-T01-IM6","PAAD","PAAD","PMK",10.55,1,67.61," < 10","Metastasis",0.11,"Female"
"P-0044222-T01-IM6","PAAD","PAAD","BK",16.03,0,45.52," < 10","Primary",0.001,"Male"
"P-0044259-T01-IM6","PAAD","PAAD","BK",16.07,0,61.41," < 10","Primary",0.012,"Female"
"P-0044286-T02-IM6","PAAD","PAAD","PWK",10.05,1,39.02," < 10","Metastasis",0.006,"Male"
"P-0044296-T01-IM6","PAAD","PAAD","BK",13.73,1,57.16," < 10","Metastasis",0.322,"Female"
"P-0044298-T01-IM6","PAAD","PAAD","PMK",0.2,0,65.98," < 10","Primary",0.004,"Male"
"P-0044438-T01-IM6","PAAD","PAAD","BK",16.07,0,73.23," < 10","Metastasis",0.091,"Male"
"P-0044478-T01-IM6","PAAD","PAAD","PMK",6.44,1,62.03," < 10","Primary",0.134,"Female"
"P-0044487-T01-IM6","PAAD","PAAD","BK",0,0,59.94," < 10","Metastasis",0.054,"Female"
"P-0044512-T01-IM6","PAAD","PAAD","PWK",15.93,0,85.42," < 10","Primary",0.044,"Female"
"P-0044534-T01-IM6","PAAD","PAAD","PMK",15.87,0,71.2," < 10","Primary",0,"Female"
"P-0044641-T01-IM6","PAAD","PAAD","PMK",15.74,0,48.21," < 10","Primary",0,"Female"
"P-0044655-T01-IM6","PAAD","PAAD","BK",15.74,0,57.99," < 10","Metastasis",0.05,"Male"
"P-0044659-T01-IM6","PAAD","PAAD","BK",15.74,1,51.61," < 10","Metastasis",0.267,"Male"
"P-0044663-T01-IM6","PAAD","PAAD","BK",0,0,64.37," < 10","Primary",0.052,"Male"
"P-0044742-T01-IM6","PAAD","PAAD","BK",1.25,1,85.69," < 10","Metastasis",0.112,"Female"
"P-0044750-T01-IM6","PAAD","PAAD","PMK",3.22,1,69.69," < 10","Metastasis",0.528,"Male"
"P-0044755-T01-IM6","PAAD","PAAD","PWK",2.6,0,72.88," < 10","Metastasis",0.044,"Male"
"P-0044765-T01-IM6","PAAD","PAAD","PMK",15.7,1,61.48," < 10","Metastasis",0.181,"Male"
"P-0044786-T01-IM6","PAAD","PAAD","PMK",4.01,0,70.04," < 10","Metastasis",0.584,"Female"
"P-0044801-T01-IM6","PAAD","PAAD","PMK",15.61,1,81.47," < 10","Metastasis",0.515,"Female"
"P-0044832-T01-IM6","PAAD","PAAD","PMK",5.95,0,64.15," < 10","Primary",0.188,"Male"
"P-0044920-T01-IM6","PAAD","PAAD","BK",15.84,0,65.91," < 10","Primary",0.022,"Male"
"P-0044971-T01-IM6","PAAD","PAAD","BK",7.89,1,72.18," >= 10","Metastasis",0.022,"Male"
"P-0044972-T01-IM6","PAAD","PAAD","PWK",16.33,1,65.09," < 10","Primary",0.205,"Male"
"P-0044986-T01-IM6","PAAD","PAAD","BK",3.19,1,70.45," < 10","Primary",0.134,"Male"
"P-0045049-T01-IM6","PAAD","PAAD","PMK",6.01,1,52.33," < 10","Metastasis",0.072,"Male"
"P-0045095-T01-IM6","PAAD","PAAD","PMK",4.6,0,63.16," < 10","Primary",0,"Female"
"P-0045137-T01-IM6","PAAD","PAAD","BK",15.38,0,73.09," < 10","Primary",0.035,"Male"
"P-0045160-T01-IM6","PAAD","PAAD","PWK",0,0,77.8," < 10","Primary",0.027,"Male"
"P-0045212-T01-IM6","PAAD","PAAD","BK",15.28,0,67.8," < 10","Metastasis",0,"Female"
"P-0045224-T01-IM6","PAAD","PAAD","PMK",0,0,54.43," < 10","Metastasis",0.054,"Female"
"P-0045273-T01-IM6","PAAD","PAAD","BK",13.54,1,70.48," < 10","Metastasis",0.401,"Male"
"P-0045290-T01-IM6","PAAD","PAAD","BK",15.05,0,63.44," < 10","Primary",0.244,"Male"
"P-0045379-T01-IM6","PAAD","PAAD","PWK",1.25,0,73.25," < 10","Primary",0,"Female"
"P-0045451-T01-IM6","PAAD","PAAD","BK",1.35,1,77.6," < 10","Primary",0.047,"Male"
"P-0045517-T01-IM6","PAAD","PAAD","PMK",0.95,1,69.16," < 10","Primary",0.004,"Male"
"P-0045558-T01-IM6","PAAD","PAAD","BK",14.95,0,72.46," < 10","Primary",0.01,"Male"
"P-0045615-T01-IM6","PAAD","PAAD","BK",14.92,0,69.86," < 10","Primary",0.084,"Female"
"P-0045616-T01-IM6","PAAD","PAAD","BK",14.82,1,70.63," < 10","Metastasis",0,"Female"
"P-0045618-T01-IM6","PAAD","PAAD","BK",14.92,0,58.52," < 10","Primary",0.006,"Male"
"P-0045619-T01-IM6","PAAD","PAAD","PMK",1.22,1,80.59," < 10","Metastasis",0.39,"Male"
"P-0045654-T01-IM6","PAAD","PAAD","PWK",0,0,73.32," < 10","Metastasis",0,"Female"
"P-0045674-T01-IM6","PAAD","PAAD","BK",14.95,0,62.07," < 10","Primary",0.003,"Female"
"P-0045723-T01-IM6","PAAD","PAAD","PWK",14.78,0,57.92," < 10","Primary",0.002,"Female"
"P-0045732-T01-IM6","PAAD","PAAD","BK",14.78,0,75.76," < 10","Primary",0,"Female"
"P-0045739-T01-IM6","PAAD","PAAD","PMK",1.94,0,65.6," < 10","Primary",0.003,"Male"
"P-0045743-T01-IM6","PAAD","PAAD","PMK",0,1,71.46," < 10","Metastasis",0.023,"Male"
"P-0045849-T01-IM6","PAAD","PAAD","BK",14.72,0,60.36," < 10","Primary",0,"Female"
"P-0045857-T01-IM6","PAAD","PAAD","PMK",2.04,1,64.31," < 10","Primary",0.024,"Male"
"P-0045866-T01-IM6","PAAD","PAAD","BK",7.56,1,75.1," < 10","Primary",0.004,"Male"
"P-0045868-T01-IM6","PAAD","PAAD","BK",13.47,1,65.95," < 10","Primary",0,"Male"
"P-0045897-T01-IM6","PAAD","PAAD","PWK",3.19,1,63.86," >= 10","Metastasis",0,"Female"
"P-0045926-T01-IM6","PAAD","PAAD","PWK",13.73,0,63.43," < 10","Primary",0.01,"Male"
"P-0045968-T01-IM6","PAAD","PAAD","PMK",14.55,0,63.08," < 10","Primary",0.085,"Female"
"P-0045997-T01-IM6","PAAD","PAAD","BK",6.47,0,58.09," < 10","Primary",0.132,"Male"
"P-0046016-T01-IM6","PAAD","PAAD","PMK",1.18,1,69.63," < 10","Metastasis",0,"Female"
"P-0046017-T01-IM6","PAAD","PAAD","BK",0.79,1,57.83," < 10","Primary",0.002,"Male"
"P-0046062-T01-IM6","PAAD","PAAD","PMK",4.7,1,70.77," < 10","Primary",0.012,"Female"
"P-0046081-T01-IM6","PAAD","PAAD","BK",9.63,0,70.93," < 10","Primary",0.003,"Female"
"P-0046093-T01-IM6","PAAD","PAAD","PMK",14.49,1,67.73," < 10","Metastasis",0.321,"Male"
"P-0046230-T01-IM6","PAAD","PAAD","PWK",14.36,0,76.19," < 10","Metastasis",0.029,"Male"
"P-0046240-T01-IM6","PAAD","PAAD","PMK",9.86,1,73.61," < 10","Metastasis",0.05,"Female"
"P-0046248-T01-IM6","PAAD","PAAD","PMK",3.02,0,48.77," < 10","Primary",0.04,"Male"
"P-0046267-T01-IM6","PAAD","PAAD","PWK",8.02,0,70.7," < 10","Primary",0.005,"Male"
"P-0046270-T01-IM6","PAAD","PAAD","PMK",2.4,0,68.27," < 10","Primary",0.003,"Female"
"P-0046277-T01-IM6","PANET","PAAD","PWK",2.17,0,57.33," < 10","Metastasis",0.289,"Male"
"P-0046279-T01-IM6","PAAD","PAAD","PWK",14.32,0,60.77," < 10","Primary",0.009,"Male"
"P-0046309-T01-IM6","PAAD","PAAD","BK",4.17,0,77.73," < 10","Primary",0.155,"Female"
"P-0046321-T01-IM6","PAAD","PAAD","BK",0,0,85.22," < 10","Metastasis",0.021,"Male"
"P-0046399-T01-IM6","PAAD","PAAD","BK",3.15,0,67.81," < 10","Primary",0.002,"Female"
"P-0046434-T01-IM6","PAAD","PAAD","PMK",7.95,1,90," < 10","Metastasis",0.046,"Male"
"P-0046455-T01-IM6","PAAD","PAAD","BK",14.23,1,70.92," < 10","Primary",0,"Male"
"P-0046456-T01-IM6","PAAD","PAAD","BK",14.26,1,67.14," < 10","Metastasis",0.03,"Male"
"P-0046467-T01-IM6","PAAD","PAAD","BK",14.23,0,68.03," < 10","Metastasis",0.005,"Male"
"P-0046479-T01-IM6","PAAD","PAAD","PWK",11.17,1,70.56," < 10","Primary",0.068,"Male"
"P-0046493-T01-IM6","PAAD","PAAD","BK",0.92,0,70.61," < 10","Primary",0,"Female"
"P-0046515-T01-IM6","PAAD","PAAD","BK",14.09,0,78.41," < 10","Primary",0.032,"Female"
"P-0046570-T01-IM6","PAAD","PAAD","BK",6.41,1,68.03," < 10","Metastasis",0.202,"Female"
"P-0046623-T01-IM6","PAAD","PAAD","BK",14.09,0,51.01," < 10","Metastasis",0.525,"Male"
"P-0046629-T01-IM6","PAAD","PAAD","BK",7,0,57.32," < 10","Primary",0,"Male"
"P-0046664-T01-IM6","PAAD","PAAD","BK",0.62,0,56.33," < 10","Metastasis",0.067,"Female"
"P-0046672-T01-IM6","PAAD","PAAD","PWK",13.86,1,61.33," < 10","Metastasis",0.011,"Male"
"P-0046674-T01-IM6","PAAD","PAAD","PMK",0.49,1,70.78," < 10","Primary",0.001,"Male"
"P-0046697-T01-IM6","PAAD","PAAD","PMK",14.09,1,46.98," < 10","Primary",0.004,"Female"
"P-0046784-T01-IM6","PAAD","PAAD","PMK",0.49,1,73.95," < 10","Primary",0.179,"Male"
"P-0046789-T01-IM6","PAAD","PAAD","PWK",9.3,1,73.78," < 10","Metastasis",0.459,"Female"
"P-0046791-T01-IM6","PAAD","PAAD","BK",3.75,1,58.08," < 10","Metastasis",0.022,"Male"
"P-0046808-T01-IM6","PAAD","PAAD","BK",10.51,1,64.07," < 10","Primary",0.128,"Male"
"P-0046834-T01-IM6","PAAD","PAAD","PMK",1.97,0,48.46," < 10","Primary",0.035,"Male"
"P-0046851-T01-IM6","PAAD","PAAD","PMK",9.2,1,76.96," < 10","Primary",0,"Male"
"P-0046890-T01-IM6","PAAD","PAAD","PWK",13.8,0,68.24," < 10","Primary",0.414,"Female"
"P-0046955-T01-IM6","PAAD","PAAD","BK",13.57,1,63.65," < 10","Primary",0,"Female"
"P-0046971-T01-IM6","PAAD","PAAD","PMK",13.63,0,55.86," < 10","Primary",0.013,"Female"
"P-0047010-T01-IM6","PAAD","PAAD","PWK",1.22,0,87.11," < 10","Primary",0.05,"Female"
"P-0047080-T01-IM6","PAAD","PAAD","PMK",13.54,0,69.13," < 10","Primary",0.535,"Male"
"P-0047091-T01-IM6","PAAD","PAAD","PMK",0,0,56.54," < 10","Metastasis",0.215,"Female"
"P-0047157-T01-IM6","PAAD","PAAD","PWK",0,0,77.1," < 10","Metastasis",0.226,"Female"
"P-0047189-T02-IM6","PAAD","PAAD","PMK",13.31,0,70.54," < 10","Primary",0.083,"Female"
"P-0047198-T01-IM6","PAAD","PAAD","PMK",0,0,79.39," < 10","Metastasis",0.353,"Male"
"P-0047260-T01-IM6","PAAD","PAAD","BK",13.37,0,72.01," < 10","Primary",0.003,"Female"
"P-0047358-T01-IM6","PAAD","PAAD","PWK",4.53,1,67.72," < 10","Primary",0.069,"Female"
"P-0047448-T01-IM6","PAAD","PAAD","BK",11.96,0,58.29," < 10","Primary",0.001,"Male"
"P-0047510-T01-IM6","PAAD","PAAD","BK",0,1,66.83," < 10","Primary",0.003,"Female"
"P-0047514-T01-IM6","PAAD","PAAD","BK",12.91,0,63.15," < 10","Metastasis",0.121,"Male"
"P-0047561-T01-IM6","PAAD","PAAD","PMK",13.21,0,44.26," < 10","Primary",0.063,"Female"
"P-0047669-T01-IM6","PAAD","PAAD","BK",13.17,0,49.06," < 10","Metastasis",0.011,"Male"
"P-0047710-T01-IM6","PAAD","PAAD","BK",12.98,0,78.66," < 10","Primary",0.002,"Male"
"P-0047714-T01-IM6","PAAD","PAAD","PMK",12.98,0,37.85," < 10","Metastasis",0.367,"Male"
"P-0047772-T01-IM6","PAAD","PAAD","BK",5.36,0,82.33," < 10","Primary",0.166,"Male"
"P-0047816-T01-IM6","PAAD","PAAD","PMK",0,0,59.44," < 10","Metastasis",0.274,"Male"
"P-0047823-T01-IM6","PAAD","PAAD","BK",3.15,1,64.43," < 10","Metastasis",0.16,"Female"
"P-0047846-T01-IM6","PAAD","PAAD","PWK",12.88,0,60.23," < 10","Metastasis",0.002,"Male"
"P-0047848-T01-IM6","PAAD","PAAD","PMK",8.61,1,73.11," < 10","Primary",0.002,"Male"
"P-0047851-T01-IM6","PAAD","PAAD","BK",12.88,0,58.98," < 10","Primary",0.005,"Female"
"P-0047852-T01-IM6","PAAD","PAAD","BK",0.89,1,67.11," < 10","Metastasis",0.21,"Male"
"P-0047894-T01-IM6","PAAD","PAAD","BK",5.16,1,55.55," < 10","Metastasis",0.03,"Male"
"P-0048039-T01-IM6","PAAD","PAAD","BK",1.45,1,68.27," < 10","Primary",0.274,"Female"
"P-0048175-T01-IM6","PAAD","PAAD","PMK",12.65,0,68.36," < 10","Primary",0.012,"Male"
"P-0048229-T01-IM6","PAAD","PAAD","PWK",0,0,48.09," < 10","Metastasis",0.002,"Male"
"P-0048234-T01-IM6","PAAD","PAAD","PWK",0,0,60.56," < 10","Primary",0.073,"Male"
"P-0048236-T01-IM6","PAAD","PAAD","BK",12.52,0,73.1," < 10","Primary",0.004,"Female"
"P-0048247-T01-IM6","PAAD","PAAD","PWK",0,0,34.64," < 10","Metastasis",0,"Male"
"P-0048272-T01-IM6","PAAD","PAAD","PMK",5.42,1,65.18," < 10","Primary",0.012,"Female"
"P-0048274-T01-IM6","PAAD","PAAD","PMK",12.52,1,57.42," < 10","Metastasis",0.003,"Male"
"P-0048284-T01-IM6","PAAD","PAAD","PMK",11.7,1,64.82," < 10","Metastasis",0.007,"Female"
"P-0048492-T01-IM6","PAAD","PAAD","BK",12.42,0,75.74," < 10","Primary",0.001,"Male"
"P-0048512-T01-IM6","PAAD","PAAD","PWK",2.3,1,54.48," < 10","Primary",0.025,"Male"
"P-0048558-T01-IM6","PAAD","PAAD","BK",8.94,1,71.45," < 10","Primary",0.042,"Male"
"P-0048629-T01-IM6","PAAD","PAAD","BK",3.35,1,72.42," < 10","Metastasis",0.612,"Male"
"P-0048748-T01-IM6","PAAD","PAAD","BK",8.21,0,63.12," < 10","Metastasis",0.346,"Male"
"P-0048767-T01-IM6","PAAD","PAAD","PWK",12.22,0,47.91," < 10","Metastasis",0.656,"Female"
"P-0048811-T01-IM6","PAAD","PAAD","BK",12.02,0,65.62," < 10","Metastasis",0.686,"Female"
"P-0048815-T01-IM6","PAAD","PAAD","PMK",0.1,1,73.47," < 10","Metastasis",0.504,"Male"
"P-0048924-T01-IM6","PAAD","PAAD","BK",0.92,1,51.96," < 10","Metastasis",0.053,"Female"
"P-0048987-T01-IM6","PAAD","PAAD","BK",12.02,0,85.33," < 10","Primary",0.002,"Male"
"P-0049090-T01-IM6","PAAD","PAAD","BK",3.71,1,62.52," < 10","Primary",0.091,"Male"
"P-0049113-T01-IM6","PAAD","PAAD","PWK",11.96,0,52.27," < 10","Primary",0.115,"Female"
"P-0049186-T01-IM6","PAAD","PAAD","BK",11.79,0,66.54," < 10","Metastasis",0,"Female"
"P-0049262-T01-IM6","PAAD","PAAD","BK",10.12,1,76.9," < 10","Metastasis",0.189,"Female"
"P-0049288-T01-IM6","PAAD","PAAD","BK",1.64,1,48.42," < 10","Metastasis",0.034,"Male"
"P-0049334-T01-IM6","PAAD","PAAD","BK",11.73,0,64.11," < 10","Primary",0.004,"Female"
"P-0049335-T01-IM6","PAAD","PAAD","BK",0,0,53.93," < 10","Primary",0.264,"Female"
"P-0049353-T01-IM6","PAAD","PAAD","PMK",11.56,0,75.2," < 10","Primary",0.145,"Male"
"P-0049364-T01-IM6","PAAD","PAAD","BK",0.03,0,70.39," < 10","Metastasis",0,"Female"
"P-0049381-T01-IM6","PAAD","PAAD","PMK",1.91,0,71.2," < 10","Primary",0.18,"Female"
"P-0049409-T01-IM6","PAAD","PAAD","PMK",11.6,0,65.89," < 10","Primary",0.032,"Male"
"P-0049456-T01-IM6","PAAD","PAAD","BK",1.61,0,75.87," < 10","Primary",0.02,"Male"
"P-0049460-T01-IM6","PAAD","PAAD","PWK",0,0,69.1," < 10","Metastasis",0.137,"Male"
"P-0049481-T01-IM6","PAAD","PAAD","PWK",11.5,0,72.62," < 10","Primary",0.011,"Male"
"P-0049552-T01-IM6","PAAD","PAAD","BK",0.72,1,77.03," < 10","Metastasis",0.002,"Female"
"P-0049553-T01-IM6","PAAD","PAAD","BK",11.2,1,77.79," < 10","Primary",0.119,"Female"
"P-0049557-T01-IM6","PAAD","PAAD","PMK",6.93,1,79.92," < 10","Primary",0,"Male"
"P-0049612-T01-IM6","PAAD","PAAD","PMK",11.33,1,73.86," < 10","Primary",0.156,"Female"
"P-0049634-T01-IM6","PAAD","PAAD","PMK",5.82,1,59.88," < 10","Metastasis",0.003,"Male"
"P-0049671-T01-IM6","PAAD","PAAD","BK",7.92,0,75.61," < 10","Primary",0.001,"Male"
"P-0049678-T01-IM6","PAAD","PAAD","PMK",11.5,0,54.2," < 10","Primary",0.013,"Male"
"P-0049763-T01-IM6","PAAD","PAAD","BK",11.3,0,69.34," < 10","Metastasis",0.345,"Female"
"P-0049780-T01-IM6","PAAD","PAAD","BK",11.37,0,65.4," < 10","Metastasis",0.006,"Female"
"P-0049781-T01-IM6","PAAD","PAAD","BK",11.33,0,58.43," < 10","Primary",0.012,"Male"
"P-0049796-T01-IM6","PAAD","PAAD","BK",0,0,67.45," < 10","Metastasis",0.198,"Male"
"P-0049869-T01-IM6","PAAD","PAAD","PWK",10.38,1,81.47," < 10","Primary",0.297,"Female"
"P-0049874-T01-IM6","PAAD","PAAD","PMK",8.64,1,68.38," < 10","Primary",0.059,"Female"
"P-0049948-T01-IM6","PAAD","PAAD","PWK",11.07,0,72.41," < 10","Primary",0.001,"Male"
"P-0049991-T01-IM6","PAAD","PAAD","BK",5.78,1,74.43," < 10","Primary",0,"Female"
"P-0050004-T01-IM6","PAAD","PAAD","PMK",11.1,0,75.87," < 10","Primary",0.006,"Male"
"P-0050168-T01-IM6","PAAD","PAAD","PMK",10.91,1,66.16," < 10","Primary",0.029,"Female"
"P-0050186-T01-IM6","PAAD","PAAD","BK",11.04,0,63.84," < 10","Primary",0.022,"Male"
"P-0050199-T01-IM6","PAAD","PAAD","PWK",11.04,0,70.17," < 10","Primary",0,"Male"
"P-0050272-T01-IM6","PAAD","PAAD","PWK",10.84,1,67.22," < 10","Metastasis",0.348,"Male"
"P-0050275-T01-IM6","PAAD","PAAD","PWK",1.74,1,63.66," < 10","Metastasis",0.196,"Female"
"P-0050280-T01-IM6","PAAD","PAAD","PMK",0,0,57.13," < 10","Primary",0.001,"Female"
"P-0050283-T01-IM6","PAAD","PAAD","BK",10.87,0,73.09," < 10","Primary",0.001,"Male"
"P-0050310-T01-IM6","PAAD","PAAD","BK",10.87,1,81.14," < 10","Primary",0.02,"Male"
"P-0050311-T01-IM6","PAAD","PAAD","BK",1.45,1,72.58," < 10","Primary",0.18,"Male"
"P-0050312-T01-IM6","PAAD","PAAD","BK",10.38,1,63.73," < 10","Metastasis",0.126,"Female"
"P-0050420-T01-IM6","PAAD","PAAD","PMK",3.42,1,71.79," < 10","Primary",0.053,"Female"
"P-0050425-T01-IM6","PAAD","PAAD","BK",2.14,1,65.29," < 10","Primary",0.001,"Female"
"P-0050428-T01-IM6","PAAD","PAAD","BK",10.68,1,80.66," < 10","Primary",0.006,"Female"
"P-0050449-T01-IM6","PAAD","PAAD","PMK",0.23,1,74.63," < 10","Primary",0,"Female"
"P-0050469-T01-IM6","PAAD","PAAD","PMK",8.38,1,63.29," < 10","Metastasis",0.263,"Male"
"P-0050511-T01-IM6","PAAD","PAAD","BK",2.96,1,77.08," < 10","Metastasis",0.132,"Male"
"P-0050514-T01-IM6","PAAD","PAAD","PMK",6.64,0,76.24," < 10","Primary",0.052,"Female"
"P-0050524-T01-IM6","PAAD","PAAD","PWK",10.78,0,59.29," < 10","Primary",0.212,"Male"
"P-0050533-T01-IM6","PAAD","PAAD","PMK",10.81,0,79.84," < 10","Primary",0,"Female"
"P-0000879-T03-IM5","PANET","PAAD","WT",20.99,1,40.85," < 10","Metastasis",0.698,"Female"
"P-0001313-T02-IM6","PANET","PAAD","WT",20.7,1,74.56," < 10","Metastasis",0.84,"Female"
"P-0001526-T02-IM5","PANET","PAAD","WT",42.48,1,56.01," < 10","Metastasis",0.948,"Male"
"P-0001886-T01-IM3","PANET","PAAD","WT",64.4,0,67.13," < 10","Primary",0.944,"Male"
"P-0001943-T02-IM5","PANET","PAAD","WT",15.44,1,53.94," < 10","Metastasis",0.266,"Female"
"P-0001993-T01-IM3","PANET","PAAD","WT",18.2,1,43.31," < 10","Metastasis",0.795,"Male"
"P-0002021-T01-IM3","PAAD","PAAD","WT",0,0,43.33," < 10","Primary",0.257,"Female"
"P-0002103-T01-IM3","PANET","PAAD","WT",2.79,1,27.92," < 10","Metastasis",0.036,"Female"
"P-0002202-T01-IM3","PANET","PAAD","WT",71.92,0,73.33," < 10","Metastasis",0.937,"Female"
"P-0002253-T02-IM5","PANET","PAAD","WT",37.29,1,78.44," < 10","Metastasis",0.239,"Male"
"P-0002290-T01-IM3","PAAD","PAAD","WT",11.73,1,56.78," < 10","Primary",0.257,"Male"
"P-0002369-T01-IM3","PANET","PAAD","WT",70.67,0,51.21," < 10","Primary",0.706,"Female"
"P-0002597-T02-IM5","PANET","PAAD","WT",35.94,1,73.97," < 10","Primary",0.218,"Male"
"P-0002619-T01-IM3","PANET","PAAD","WT",62.82,0,49.82," < 10","Primary",0.329,"Male"
"P-0002839-T01-IM3","PANET","PAAD","WT",66.27,0,56.82," < 10","Primary",0.905,"Female"
"P-0003864-T01-IM5","PANET","PAAD","WT",65.97,0,63.21," < 10","Primary",0.997,"Female"
"P-0004026-T01-IM5","PANET","PAAD","WT",64.56,0,46.17," < 10","Metastasis",0.535,"Female"
"P-0004069-T01-IM5","PANET","PAAD","WT",65.97,0,73.23," < 10","Primary",0.004,"Male"
"P-0004141-T01-IM5","PANET","PAAD","WT",62.85,0,50.87," < 10","Primary",0.744,"Female"
"P-0004185-T02-IM6","PANET","PAAD","WT",46.85,1,73.22," < 10","Metastasis",0.855,"Male"
"P-0004223-T01-IM5","PANET","PAAD","WT",28.22,1,53.85," < 10","Primary",0.441,"Female"
"P-0004307-T02-IM6","PANET","PAAD","WT",65.74,0,61.2," < 10","Metastasis",0.999,"Female"
"P-0004364-T01-IM5","PANET","PAAD","WT",2.46,1,56.06," < 10","Metastasis",0.252,"Male"
"P-0004595-T02-IM5","PANET","PAAD","WT",66.1,0,55," >= 10","Metastasis",0.983,"Female"
"P-0004644-T01-IM5","PANET","PAAD","WT",58.09,1,29.03," < 10","Metastasis",0.149,"Female"
"P-0004737-T01-IM5","PAAD","PAAD","WT",0.72,1,39.32," < 10","Metastasis",0.093,"Female"
"P-0004874-T01-IM5","PAAD","PAAD","WT",25.53,1,75.94," < 10","Primary",0,"Male"
"P-0005084-T02-IM5","PAAD","PAAD","WT",35.15,1,38.96," < 10","Metastasis",0.054,"Male"
"P-0005378-T01-IM5","PAAD","PAAD","WT",50.56,1,62.45," < 10","Primary",0.296,"Female"
"P-0005434-T01-IM5","PANET","PAAD","WT",3.91,1,78.01," < 10","Metastasis",0.214,"Female"
"P-0005922-T01-IM5","PANET","PAAD","WT",48.33,0,39.52," < 10","Primary",0.898,"Male"
"P-0006018-T01-IM5","PANET","PAAD","WT",1.28,0,81.6," < 10","Metastasis",0.742,"Female"
"P-0006358-T01-IM5","PAAD","PAAD","WT",39.66,1,55.95," < 10","Primary",0.034,"Male"
"P-0006382-T02-IM5","PANET","PAAD","WT",51.12,1,50.6," >= 10","Metastasis",0.947,"Male"
"P-0006409-T01-IM5","PAAD","PAAD","WT",58.28,0,65.61," < 10","Primary",0.37,"Male"
"P-0006412-T01-IM5","PAAD","PAAD","WT",24.18,1,70.1," < 10","Metastasis",0.475,"Female"
"P-0006494-T01-IM5","PANET","PAAD","WT",61.11,0,48.92," < 10","Metastasis",0.88,"Male"
"P-0006710-T01-IM5","PANET","PAAD","WT",59.37,0,51.39," < 10","Primary",0.03,"Female"
"P-0006734-T01-IM5","PAAD","PAAD","WT",11.43,1,59.52," < 10","Primary",0.431,"Female"
"P-0008552-T01-IM5","PANET","PAAD","WT",1.91,1,61.29," < 10","Metastasis",0.733,"Female"
"P-0009619-T01-IM5","PAAD","PAAD","WT",19.55,1,59.23," < 10","Primary",0,"Female"
"P-0010090-T01-IM5","PANET","PAAD","WT",55.03,0,50.84," < 10","Primary",0.997,"Female"
"P-0010092-T01-IM5","PAAD","PAAD","WT",2.37,1,46.34," < 10","Metastasis",0.032,"Male"
"P-0010162-T01-IM5","PANET","PAAD","WT",6.34,1,61.32," < 10","Metastasis",0.769,"Female"
"P-0010264-T01-IM5","PAAD","PAAD","WT",0.07,1,72.41," < 10","Metastasis",0.005,"Female"
"P-0010445-T01-IM5","PANET","PAAD","WT",43.96,1,54.72," < 10","Metastasis",0.623,"Female"
"P-0010652-T01-IM5","PANET","PAAD","WT",54.83,0,66.49," < 10","Primary",0.995,"Male"
"P-0010661-T01-IM5","PAAD","PAAD","WT",36.96,0,61.98," < 10","Primary",0.083,"Female"
"P-0010830-T01-IM5","PANET","PAAD","WT",54.08,0,57.3," < 10","Metastasis",0.948,"Female"
"P-0010914-T01-IM5","PAAD","PAAD","WT",21.52,1,57.26," < 10","Primary",0.099,"Male"
"P-0010984-T01-IM5","PAAD","PAAD","WT",39.92,0,52.46," < 10","Metastasis",0.121,"Male"
"P-0011111-T01-IM5","PAAD","PAAD","WT",26.32,1,86.98," < 10","Primary",0,"Male"
"P-0011405-T01-IM5","PANET","PAAD","WT",11.14,1,45.22," < 10","Primary",0.878,"Male"
"P-0011464-T01-IM5","PANET","PAAD","WT",52.44,0,75.21," < 10","Primary",0.756,"Female"
"P-0011479-T01-IM5","PANET","PAAD","WT",52.96,0,46.22," < 10","Primary",0.543,"Male"
"P-0012066-T01-IM5","PAAD","PAAD","WT",48.2,1,43.06," < 10","Metastasis",0,"Female"
"P-0012095-T01-IM5","PAAD","PAAD","WT",2.3,1,66.67," < 10","Metastasis",0.039,"Male"
"P-0012117-T01-IM5","PANET","PAAD","WT",32.66,1,62.55," < 10","Metastasis",0.605,"Male"
"P-0012231-T01-IM5","PANET","PAAD","WT",51.39,0,51.07," < 10","Primary",0.15,"Female"
"P-0012246-T01-IM5","PANET","PAAD","WT",15.34,0,27.62," < 10","Metastasis",0.119,"Female"
"P-0012382-T01-IM5","PANET","PAAD","WT",3.75,1,52.11," < 10","Primary",0.373,"Male"
"P-0012786-T01-IM5","PANET","PAAD","WT",6.14,1,43.63," < 10","Metastasis",0.055,"Female"
"P-0012920-T01-IM5","PAAD","PAAD","WT",11.86,1,45.53," < 10","Metastasis",0.267,"Female"
"P-0013086-T01-IM5","PAAD","PAAD","WT",22.87,1,75.22," < 10","Metastasis",0.001,"Female"
"P-0013399-T01-IM5","PANET","PAAD","WT",0,1,38.6," < 10","Metastasis",0.906,"Male"
"P-0013555-T01-IM5","PANET","PAAD","WT",48.72,0,39.06," < 10","Primary",0.053,"Female"
"P-0013655-T01-IM5","PANET","PAAD","WT",50.37,0,49.03," < 10","Metastasis",0.612,"Female"
"P-0013749-T02-IM6","PANET","PAAD","WT",5.29,0,47.3," >= 10","Metastasis",0,"Female"
"P-0014246-T01-IM6","PAAD","PAAD","WT",2.1,1,56.3," < 10","Metastasis",0.28,"Male"
"P-0014552-T01-IM6","PAAD","PAAD","WT",2.83,1,56.17," < 10","Metastasis",0.016,"Male"
"P-0015232-T01-IM6","PANET","PAAD","WT",19.65,1,74.16," < 10","Metastasis",0.135,"Female"
"P-0015330-T01-IM6","PANET","PAAD","WT",48.03,0,50.17," < 10","Primary",0.09,"Male"
"P-0015340-T01-IM6","PANET","PAAD","WT",48.82,0,79.71," < 10","Metastasis",0.664,"Male"
"P-0015432-T01-IM6","PAAD","PAAD","WT",47.64,0,39.9," < 10","Primary",0.278,"Female"
"P-0015614-T01-IM6","PAAD","PAAD","WT",29.87,0,34.03," < 10","Primary",0.075,"Male"
"P-0015723-T01-IM6","PANET","PAAD","WT",3.94,1,71.24," < 10","Metastasis",0.848,"Female"
"P-0015914-T01-IM6","PANET","PAAD","WT",NA,0,NA," < 10","Metastasis",0.027,"Female"
"P-0015935-T01-IM6","PANET","PAAD","WT",4.14,0,59.5," < 10","Metastasis",0.498,"Female"
"P-0016011-T01-IM6","PAAD","PAAD","WT",46.26,0,66.11," < 10","Primary",0.22,"Female"
"P-0016483-T01-IM6","PANET","PAAD","WT",18.92,1,50.71," < 10","Metastasis",0.315,"Male"
"P-0016554-T01-IM6","PAAD","PAAD","WT",8.15,1,84.58," < 10","Metastasis",0.034,"Male"
"P-0016585-T01-IM6","PANET","PAAD","WT",32.23,1,72.54," < 10","Metastasis",0.999,"Male"
"P-0016616-T01-IM6","PAAD","PAAD","WT",19.42,1,68.71," >= 10","Primary",0.051,"Female"
"P-0016625-T01-IM6","PAAD","PAAD","WT",45.93,0,55.17," < 10","Primary",0.001,"Female"
"P-0016901-T01-IM6","PANET","PAAD","WT",0,0,62.27," < 10","Primary",0.991,"Male"
"P-0017348-T01-IM6","PANET","PAAD","WT",25.73,1,63.1," < 10","Metastasis",0.79,"Female"
"P-0017466-T01-IM6","PANET","PAAD","WT",44.68,0,54.03," < 10","Primary",0.936,"Female"
"P-0018232-T01-IM6","PANET","PAAD","WT",0.46,1,56.62," >= 10","Metastasis",0.946,"Male"
"P-0018378-T01-IM6","PAAD","PAAD","WT",3.25,1,66.77," < 10","Metastasis",0.09,"Male"
"P-0018639-T01-IM6","PAAD","PAAD","WT",43.5,0,84.93," < 10","Primary",0,"Female"
"P-0018828-T01-IM6","PANET","PAAD","WT",41.96,0,63.52," < 10","Primary",0.586,"Female"
"P-0019275-T01-IM6","PANET","PAAD","WT",40.02,0,68.36," < 10","Primary",0.509,"Female"
"P-0019281-T01-IM6","PANET","PAAD","WT",8.94,0,48.35," < 10","Metastasis",0.947,"Female"
"P-0019367-T01-IM6","PANET","PAAD","WT",0,0,58.4," < 10","Primary",0.516,"Female"
"P-0019753-T01-IM6","PANET","PAAD","WT",41.86,0,58.37," < 10","Metastasis",0.94,"Male"
"P-0019761-T01-IM6","PAAD","PAAD","WT",6.57,1,50.83," < 10","Metastasis",0.048,"Male"
"P-0020349-T01-IM6","PANET","PAAD","WT",25.59,1,70.02," < 10","Primary",0.211,"Male"
"P-0020684-T01-IM6","PANET","PAAD","WT",3.52,1,78.15," < 10","Primary",0.896,"Female"
"P-0020939-T01-IM6","PANET","PAAD","WT",40.35,0,55.7," < 10","Metastasis",0.873,"Male"
"P-0020967-T01-IM6","PANET","PAAD","WT",0,0,60.77," < 10","Primary",0.189,"Male"
"P-0021399-T01-IM6","PAAD","PAAD","WT",40.48,0,82.23," < 10","Metastasis",0.031,"Female"
"P-0021757-T01-IM6","PAAD","PAAD","WT",9.23,1,63.26," < 10","Primary",0.02,"Female"
"P-0021768-T01-IM6","PANET","PAAD","WT",13.01,0,44.43," < 10","Primary",0.224,"Female"
"P-0021917-T01-IM6","PANET","PAAD","WT",39.03,0,31.24," < 10","Primary",0.836,"Female"
"P-0021919-T01-IM6","PAAD","PAAD","WT",28.19,1,40.01," < 10","Primary",0.129,"Male"
"P-0022524-T01-IM6","PAAD","PAAD","WT",20.96,0,69.45," < 10","Metastasis",0.337,"Female"
"P-0022540-T01-IM6","PAAD","PAAD","WT",21.22,1,58.7," < 10","Metastasis",0.007,"Male"
"P-0022639-T01-IM6","PANET","PAAD","WT",6.44,1,50," < 10","Metastasis",0.201,"Male"
"P-0022652-T01-IM6","PANET","PAAD","WT",37.52,0,63.09," < 10","Primary",0.723,"Female"
"P-0022720-T01-IM6","PANET","PAAD","WT",38.28,1,73.73," < 10","Metastasis",0.091,"Male"
"P-0022746-T01-IM6","PANET","PAAD","WT",30.85,0,43.68," < 10","Metastasis",0.847,"Male"
"P-0022839-T01-IM6","PAAD","PAAD","WT",36.7,0,24.18," < 10","Primary",0.098,"Male"
"P-0022868-T01-IM6","PANET","PAAD","WT",37.03,0,76.62," < 10","Primary",0.825,"Male"
"P-0023152-T01-IM6","PAAD","PAAD","WT",11.5,1,66.62," < 10","Primary",0.055,"Male"
"P-0023400-T01-IM6","PANET","PAAD","WT",36.86,0,52.27," < 10","Primary",0.231,"Male"
"P-0023714-T01-IM6","PAAD","PAAD","WT",36.5,0,77.77," < 10","Primary",0.217,"Male"
"P-0023717-T01-IM6","PANET","PAAD","WT",36.9,0,59.96," < 10","Primary",0.25,"Male"
"P-0023732-T01-IM6","PANET","PAAD","WT",36.53,0,48.03," < 10","Primary",1,"Male"
"P-0023837-T01-IM6","PANET","PAAD","WT",37.45,0,62.45," < 10","Metastasis",0.916,"Female"
"P-0024338-T01-IM6","PANET","PAAD","WT",32.95,0,49.96," < 10","Primary",0.968,"Female"
"P-0024465-T01-IM6","PANET","PAAD","WT",17.08,1,72.42," >= 10","Metastasis",0.015,"Female"
"P-0024508-T01-IM6","PANET","PAAD","WT",8.28,1,48.29," < 10","Metastasis",0.074,"Male"
"P-0024533-T01-IM6","PANET","PAAD","WT",0,0,69.12," < 10","Primary",0.979,"Male"
"P-0024594-T01-IM6","PANET","PAAD","WT",8.71,0,37.82," < 10","Primary",0.47,"Female"
"P-0024953-T01-IM6","PANET","PAAD","WT",6.67,1,28.79," < 10","Metastasis",0.948,"Male"
"P-0025381-T01-IM6","PAAD","PAAD","WT",30.82,1,71.2," < 10","Primary",0.083,"Female"
"P-0025493-T01-IM6","PANET","PAAD","WT",10.45,1,66.3," < 10","Primary",0.901,"Female"
"P-0025679-T01-IM6","PANET","PAAD","WT",1.45,0,62.01," < 10","Metastasis",0.059,"Male"
"P-0025893-T01-IM6","PAAD","PAAD","WT",19.09,1,61.28," < 10","Primary",0.007,"Male"
"P-0026064-T01-IM6","PANET","PAAD","WT",33.35,0,62.55," < 10","Metastasis",0.987,"Male"
"P-0026387-T01-IM6","PAAD","PAAD","WT",20.01,0,25.18," < 10","Primary",0.273,"Male"
"P-0026448-T01-IM6","PAAD","PAAD","WT",0.82,0,62.49," < 10","Primary",0.058,"Male"
"P-0026734-T01-IM6","PAAD","PAAD","WT",32.76,1,72.47," < 10","Primary",0.003,"Male"
"P-0026773-T01-IM6","PAAD","PAAD","WT",6.18,0,72.01," < 10","Primary",0.104,"Male"
"P-0026857-T01-IM6","PANET","PAAD","WT",31.74,0,61.85," < 10","Primary",0.1,"Male"
"P-0027149-T01-IM6","PANET","PAAD","WT",28.35,0,58.94," >= 10","Primary",0.087,"Male"
"P-0027189-T01-IM6","PAAD","PAAD","WT",28.98,1,60.67," < 10","Primary",0,"Female"
"P-0027191-T01-IM6","PANET","PAAD","WT",32.39,0,64.78," < 10","Primary",0.157,"Male"
"P-0027194-T01-IM6","PANET","PAAD","WT",11.6,1,71.4," < 10","Primary",0.991,"Male"
"P-0027653-T01-IM6","PAAD","PAAD","WT",32.33,0,51.38," < 10","Primary",0.127,"Male"
"P-0028314-T01-IM6","PAAD","PAAD","WT",3.91,1,59.57," < 10","Primary",0.004,"Female"
"P-0028362-T01-IM6","PAAD","PAAD","WT",32.33,0,63.09," < 10","Primary",0,"Female"
"P-0028420-T01-IM6","PAAD","PAAD","WT",0.79,1,36," < 10","Metastasis",0.143,"Female"
"P-0029065-T01-IM6","PAAD","PAAD","WT",16.1,1,68.84," < 10","Metastasis",0.014,"Male"
"P-0029599-T01-IM6","PANET","PAAD","WT",18.4,0,67.32," < 10","Metastasis",0.659,"Female"
"P-0029749-T01-IM6","PANET","PAAD","WT",0,0,56.12," < 10","Metastasis",0.883,"Male"
"P-0029781-T01-IM6","PANET","PAAD","WT",19.78,0,72.13," < 10","Primary",0.923,"Male"
"P-0029916-T01-IM6","PANET","PAAD","WT",12.32,1,69.31," < 10","Metastasis",0.101,"Male"
"P-0030211-T01-IM6","PAAD","PAAD","WT",0.53,1,49.91," < 10","Metastasis",0.028,"Male"
"P-0030377-T01-IM6","PANET","PAAD","WT",6.74,1,37.3," < 10","Metastasis",0.121,"Female"
"P-0030513-T01-IM6","PANET","PAAD","WT",30.13,0,49.39," < 10","Primary",0.169,"Male"
"P-0030778-T01-IM6","PANET","PAAD","WT",5.55,1,58.61," < 10","Primary",0.623,"Male"
"P-0031225-T01-IM6","PANET","PAAD","WT",28.19,0,55.44," < 10","Metastasis",0.018,"Male"
"P-0031410-T01-IM6","PAAD","PAAD","WT",9.53,0,46.46," < 10","Metastasis",0.617,"Female"
"P-0031431-T01-IM6","PAAD","PAAD","WT",1.68,0,84.83," < 10","Primary",0.226,"Male"
"P-0031492-T01-IM6","PAAD","PAAD","WT",27.3,0,48.16," < 10","Primary",0.005,"Male"
"P-0031556-T01-IM6","PANET","PAAD","WT",27.57,0,57.76," < 10","Primary",0.796,"Female"
"P-0031824-T01-IM6","PAAD","PAAD","WT",18.86,1,63.06," < 10","Metastasis",0.593,"Male"
"P-0031836-T01-IM6","PANET","PAAD","WT",27.04,0,78.16," < 10","Metastasis",0.477,"Female"
"P-0032031-T01-IM6","PANET","PAAD","WT",16.92,0,31.44," < 10","Primary",0.263,"Female"
"P-0032336-T01-IM6","PAAD","PAAD","WT",9.43,1,51," < 10","Metastasis",0.543,"Male"
"P-0032629-T01-IM6","PANET","PAAD","WT",24.38,0,43.16," < 10","Metastasis",0,"Male"
"P-0032637-T01-IM6","PAAD","PAAD","WT",1.61,0,65.12," < 10","Primary",0.118,"Male"
"P-0032869-T01-IM6","PANET","PAAD","WT",26.22,0,71.45," >= 10","Metastasis",0.948,"Male"
"P-0032952-T01-IM6","PANET","PAAD","WT",25.56,0,79.38," < 10","Metastasis",0.809,"Male"
"P-0032979-T01-IM6","PANET","PAAD","WT",2.17,1,58.6," >= 10","Metastasis",0.071,"Male"
"P-0033031-T01-IM6","PAAD","PAAD","WT",0.49,1,88.3," < 10","Metastasis",0.295,"Male"
"P-0033739-T01-IM6","PANET","PAAD","WT",3.71,1,60.04," >= 10","Primary",0.055,"Female"
"P-0033899-T01-IM6","PANET","PAAD","WT",24.67,0,55.19," < 10","Primary",0.129,"Male"
"P-0034628-T01-IM6","PANET","PAAD","WT",11.99,0,72.93," < 10","Primary",0.373,"Male"
"P-0035025-T02-IM6","PANET","PAAD","WT",6.31,0,60.55," >= 10","Metastasis",0.984,"Female"
"P-0035279-T01-IM6","PANET","PAAD","WT",21.36,0,70.41," < 10","Primary",0.069,"Male"
"P-0035509-T01-IM6","PANET","PAAD","WT",7,1,36.34," < 10","Metastasis",0.351,"Female"
"P-0035552-T01-IM6","PAAD","PAAD","WT",23.46,0,61.92," < 10","Primary",0.119,"Female"
"P-0035785-T02-IM6","PAAD","PAAD","WT",10.32,1,63.15," < 10","Metastasis",0.212,"Female"
"P-0036252-T01-IM6","PAAD","PAAD","WT",11.66,1,52.29," < 10","Primary",0.443,"Female"
"P-0036723-T01-IM6","PAAD","PAAD","WT",2.4,1,60.97," < 10","Primary",0.05,"Male"
"P-0036906-T01-IM6","PANET","PAAD","WT",18,0,40.42," < 10","Primary",0.874,"Male"
"P-0037352-T01-IM6","PANET","PAAD","WT",22.01,0,49.8," >= 10","Primary",0.695,"Female"
"P-0037527-T01-IM6","PANET","PAAD","WT",2.43,0,55.72," < 10","Primary",0.999,"Female"
"P-0038814-T01-IM6","PAAD","PAAD","WT",1.74,1,88.85," < 10","Metastasis",0.588,"Male"
"P-0039185-T01-IM6","PAAD","PAAD","WT",20.01,0,69.53," < 10","Primary",0.012,"Male"
"P-0039419-T01-IM6","PANET","PAAD","WT",15.64,0,59.24," < 10","Metastasis",0.987,"Female"
"P-0040534-T01-IM6","PANET","PAAD","WT",14.42,0,66.61," < 10","Metastasis",0.896,"Male"
"P-0040746-T01-IM6","PAAD","PAAD","WT",0.66,1,87.26," < 10","Primary",0,"Female"
"P-0040973-T01-IM6","PANET","PAAD","WT",4.47,0,64.59," < 10","Metastasis",0.997,"Male"
"P-0041570-T01-IM6","PANET","PAAD","WT",17.15,0,66.72," < 10","Metastasis",0.035,"Male"
"P-0041971-T01-IM6","PAAD","PAAD","WT",2.33,1,66.93," < 10","Metastasis",0.371,"Male"
"P-0041983-T01-IM6","PAAD","PAAD","WT",3.98,0,79.97," >= 10","Primary",0.034,"Female"
"P-0042780-T01-IM6","PAAD","PAAD","WT",9.96,1,65.43," < 10","Metastasis",0.126,"Female"
"P-0043063-T01-IM6","PANET","PAAD","WT",16,0,62.7," < 10","Primary",0.859,"Female"
"P-0043113-T01-IM6","PAAD","PAAD","WT",14.72,0,65.5," < 10","Primary",0.039,"Male"
"P-0043418-T01-IM6","PANET","PAAD","WT",16.2,0,57.98," < 10","Metastasis",0.162,"Male"
"P-0043725-T01-IM6","PANET","PAAD","WT",NA,0,NA," < 10","Metastasis",0.329,"Female"
"P-0044029-T01-IM6","PANET","PAAD","WT",16.36,0,59.33," < 10","Primary",0.273,"Male"
"P-0044031-T01-IM6","PANET","PAAD","WT",16.39,1,54.7," < 10","Metastasis",0.794,"Male"
"P-0044062-T01-IM6","PANET","PAAD","WT",16.33,0,65.21," < 10","Primary",0.075,"Female"
"P-0044178-T01-IM6","PANET","PAAD","WT",16.36,0,69.02," < 10","Metastasis",0.057,"Female"
"P-0044604-T01-IM6","PANET","PAAD","WT",15.93,0,69.93," < 10","Primary",0.814,"Female"
"P-0044792-T01-IM6","PANET","PAAD","WT",5.91,0,76.43," < 10","Metastasis",0.714,"Male"
"P-0044841-T01-IM6","PAAD","PAAD","WT",15.64,0,53.67," < 10","Primary",0.007,"Male"
"P-0045416-T01-IM6","PAAD","PAAD","WT",0.36,0,83.95," >= 10","Primary",0.233,"Male"
"P-0045466-T01-IM6","PAAD","PAAD","WT",15.21,0,60.09," < 10","Metastasis",0.012,"Male"
"P-0045817-T01-IM6","PANET","PAAD","WT",14.72,0,80.68," < 10","Metastasis",0.785,"Male"
"P-0046290-T01-IM6","PANET","PAAD","WT",14.36,0,52.76," < 10","Primary",0.367,"Male"
"P-0047049-T01-IM6","PAAD","PAAD","WT",13.11,1,54.02," < 10","Primary",0.366,"Female"
"P-0047464-T01-IM6","PAAD","PAAD","WT",1.22,1,72.85," < 10","Primary",0.242,"Male"
"P-0047499-T01-IM6","PANET","PAAD","WT",13.21,0,56.15," < 10","Primary",0.597,"Male"
"P-0048846-T01-IM6","PAAD","PAAD","WT",0.56,0,65.3," < 10","Metastasis",0.705,"Male"
"P-0048982-T01-IM6","PAAD","PAAD","WT",12.02,0,57.3," < 10","Primary",0.214,"Male"
"P-0049269-T01-IM6","PAAD","PAAD","WT",11.73,0,72.04," < 10","Primary",0.015,"Male"
"P-0049368-T01-IM6","PAAD","PAAD","WT",11.6,0,72.33," < 10","Primary",0.066,"Female"
"P-0049637-T01-IM6","PAAD","PAAD","WT",11.33,0,78.42," < 10","Primary",0.055,"Male"
"P-0049898-T01-IM6","PANET","PAAD","WT",11.24,0,66.68," < 10","Metastasis",0.441,"Male"
"P-0050209-T01-IM6","PANET","PAAD","WT",0,0,52.41," < 10","Primary",0.947,"Male"
"P-0050509-T01-IM6","PAAD","PAAD","WT",4.8,1,82.86," >= 10","Metastasis",0,"Female"
