tt,gene,reproduced,N,deaths,N_named,named,other_codes,wt_n,wt_other,mut_n,mut_other,PWK_pub,PWK_pub_lo,PWK_pub_hi,PWK_pub_p,PWK_orig,PWK_orig_lo,PWK_orig_hi,PWK_orig_p,BK_pub,BK_pub_lo,BK_pub_hi,BK_pub_p,BK_orig,BK_orig_lo,BK_orig_hi,BK_orig_p,PMK_pub,PMK_pub_lo,PMK_pub_hi,PMK_pub_p,PMK_orig,PMK_orig_lo,PMK_orig_hi,PMK_orig_p,grp,dropN,PWK_sig_pub,PWK_sig_orig,PWK_dlog,BK_sig_pub,BK_sig_orig,BK_dlog,PMK_sig_pub,PMK_sig_orig,PMK_dlog,lost,gained,maxd
BLCA,ARID1A,True,1083,337,904.0,BLCA,UTUC,774,127,309,52,1.02573924381105,0.649366396367656,1.62025784238203,0.913240736048499,1.0670462834618,0.657930278024995,1.73055992265244,0.79252386152716,0.928685700942374,0.684459238263487,1.26005623552242,0.634633584537804,0.906773359584284,0.642084425491924,1.28057603176066,0.578425955188514,0.752249812625134,0.436545547357237,1.29626744338655,0.305193482386436,0.831511712799541,0.450728173830555,1.53398826314051,0.554831628141203,BLCA,179.0,False,False,0.03948078245381135,False,False,-0.023877822099433774,False,False,0.10017691845896187,0,0,0.10017691845896187
BLCA,ATM,True,1083,337,904.0,BLCA,UTUC,951,157,132,22,0.798682593149048,0.197566934742898,3.22874819832278,0.75245488404801,0.878906134473034,0.217047227029419,3.55902263201744,0.856453623310957,0.776754545405841,0.484490073707666,1.24532504699505,0.294187262479418,0.765436042872435,0.450346163685414,1.30098218431252,0.323288163021907,0.806376528892955,0.436562920511409,1.48946022623206,0.491839073729296,0.769980094358492,0.376958274999383,1.57277180268634,0.473189956686257,BLCA,179.0,False,False,0.0957144935560261,False,False,-0.014678737955559351,False,False,-0.04618612782689688,0,0,0.0957144935560261
BLCA,CDKN1A,True,1083,337,904.0,BLCA,UTUC,942,162,141,17,0.862626024670407,0.383386448073118,1.94092321775743,0.720974583149479,0.94049473189568,0.416863554254863,2.12187016997591,0.882514921309956,1.43013506069436,1.00388995168899,2.03736105574738,0.0475390062847026,1.66927200390206,1.13805248335288,2.44845388395607,0.0087513280707901,1.7117512209954,0.806793768479956,3.63177351766077,0.161342974643895,1.80990449862922,0.850590462621457,3.85115333184276,0.123578430854028,BLCA,179.0,False,False,0.08642479354699209,True,True,0.15461871772834257,False,False,0.05575712837624147,0,0,0.15461871772834257
BLCA,CREBBP,True,1083,337,904.0,BLCA,UTUC,916,143,167,36,0.46453127040645,0.189066046386645,1.14134348979899,0.0945811407141456,0.556983218388061,0.225412728947271,1.37627678354621,0.204807793217119,0.557346029360513,0.358155824291814,0.867316892188341,0.0095730823673593,0.536848520446238,0.325916468792843,0.884295092459727,0.0145710125034664,0.774433005493819,0.318321662409143,1.88408943161188,0.573076217865927,0.627442354304935,0.20020071560059,1.96644605787093,0.423872639518964,BLCA,179.0,False,False,0.18150623434460156,True,True,-0.037470314784793124,False,False,-0.21047935464825868,0,0,0.21047935464825868
BLCA,ELF3,True,1083,337,904.0,BLCA,UTUC,975,164,108,15,0.977172276073365,0.482253913746185,1.98000602982966,0.94889829450618,0.777448595742887,0.319307374030086,1.89292940965916,0.579261533345193,1.34329115897838,0.869639306303263,2.07491902069136,0.183407208549837,1.41280716021692,0.892777060984905,2.23574748858152,0.140036281086062,1.25598765120713,0.465518808771852,3.38870299171504,0.652650057805314,1.13887514079286,0.360685348362255,3.59603347406637,0.824569596261104,BLCA,179.0,False,False,-0.22864544113313423,False,False,0.0504559274622397,False,False,-0.09788117947983266,0,0,0.22864544113313423
BLCA,EP300,True,1083,337,904.0,BLCA,UTUC,950,156,133,23,1.77529517116651,0.910474134310923,3.46157329022029,0.0920508880209962,1.66673741739425,0.782249866364472,3.55131235937816,0.185615305556351,0.95821361079541,0.652585026535648,1.40697884042459,0.827591391644804,1.00994077398213,0.660535171163515,1.54417268221306,0.96358073045714,0.308807291800531,0.0431780179508655,2.20857621527916,0.241757570296767,0.377453891400281,0.0525840676410815,2.70940318093439,0.332627919068982,BLCA,179.0,False,False,-0.06309862941551736,False,False,0.052576239600735625,False,False,0.20073098802761014,0,0,0.20073098802761014
BLCA,ERBB2,True,1083,337,904.0,BLCA,UTUC,941,163,142,16,0.790149701118839,0.465496670160242,1.34122667292823,0.382955337032837,0.838630851019542,0.482787192068519,1.45675302873807,0.532206511623227,0.556475484693327,0.285652886070709,1.08406034094128,0.084936606752469,0.515392468761604,0.242566003074419,1.09508089958792,0.0847520907216538,1.53736112777483,0.856581646632585,2.75919901679478,0.149529353930662,1.49587249375866,0.786979533318474,2.84331983596608,0.219097747348918,BLCA,179.0,False,False,0.05954820018244297,False,False,-0.07669443138569243,False,False,-0.027357748745513943,0,0,0.07669443138569243
BLCA,ERBB3,True,1083,337,904.0,BLCA,UTUC,964,165,119,14,0.654474829641027,0.354243056991297,1.2091621675571,0.175882230448578,0.693590830877024,0.351003222464685,1.37055220547179,0.292399106279566,0.800515883829889,0.482385239386646,1.32845209169078,0.389257763993709,0.779612236156459,0.453043510803486,1.34158248439964,0.368686921199873,0.494580100557458,0.157224740049019,1.55579507265308,0.228562081933851,0.593930396573091,0.188583595306575,1.87054083574983,0.373418460187324,BLCA,179.0,False,False,0.058049078542117494,False,False,-0.02645971168653455,False,False,0.18305301413838482,0,0,0.18305301413838482
BLCA,ERCC2,True,1083,337,904.0,BLCA,UTUC,956,166,127,13,0.429868388484439,0.137096355223328,1.34786100707925,0.147621054311644,0.506703176793378,0.161424727890141,1.59051288317632,0.244084668317843,0.615142312921124,0.374105023763183,1.01148084390731,0.0554957071790647,0.626469124960078,0.369221148939684,1.06294984904117,0.0829797602090731,0.376150257504333,0.0522205987411902,2.70944837154794,0.331766101339165,0.392089440644315,0.0543138276713591,2.83047864707645,0.353234836484796,BLCA,179.0,False,False,0.16444629349105278,False,False,0.01824584717342731,False,False,0.04150129408893277,0,0,0.16444629349105278
BLCA,FAT1,True,1083,337,904.0,BLCA,UTUC,958,161,125,18,1.65867439996612,0.809407267604142,3.39903145822568,0.166872239750742,1.6081977576903,0.746988161324761,3.4623039048616,0.224604821044338,0.723999916784006,0.44426260774027,1.17987845560412,0.194930867383701,0.702417897659632,0.412318877747515,1.19662457767628,0.19375492227255,1.58951196762286,0.582808482316985,4.33512615528837,0.365311036766052,1.33578221312791,0.420695043254142,4.24134809649041,0.623328990948609,BLCA,179.0,False,False,-0.03090458228374182,False,False,-0.03026275472750195,False,False,-0.17390998281447995,0,0,0.17390998281447995
BLCA,FGFR3,True,1083,337,904.0,BLCA,UTUC,796,117,287,62,0.803505387512907,0.483819403138387,1.33442541488482,0.397957816783733,0.888092434932959,0.524340716494569,1.5041902110101,0.65889773271749,0.767966623198681,0.534746413497508,1.10290171090588,0.152832465127571,0.635710688035585,0.408379772807347,0.989588872398251,0.0448226643609511,0.680154372969849,0.446506967496495,1.03606439483756,0.0726584768539773,0.600072299907717,0.365024379382464,0.986473193176082,0.0440449333887001,BLCA,179.0,False,False,0.10009194075620056,False,True,-0.1890027060074762,False,True,-0.1252696436757112,0,2,0.1890027060074762
BLCA,FGFR3:p.S249C,True,974,311,829.0,BLCA,UTUC,796,117,178,28,1.02944197883788,0.561251968916665,1.88819077078552,0.925303696429978,1.08817453616202,0.572859955095615,2.06703891696147,0.796306842323355,0.732811204638848,0.461119896047798,1.16458271752511,0.188407627387452,0.730352389715386,0.435465631107769,1.22492930568604,0.233656387556302,0.721949390602837,0.440599847946536,1.18295756346937,0.195975955935359,0.714364357863079,0.414019871578191,1.23258923258893,0.226822500996832,BLCA,145.0,False,False,0.05548466752091161,False,False,-0.0033609601107141285,False,False,-0.010561903009460805,0,0,0.05548466752091161
BLCA,KDM6A,True,1083,337,904.0,BLCA,UTUC,730,130,353,49,0.699664011695806,0.257447767749741,1.90147202883549,0.483825709746742,0.547733809333186,0.134846730896417,2.2248394446959,0.399931099521802,1.00001828984769,0.694052584296847,1.44086572495518,0.999921687196565,0.977178013690703,0.648377244777574,1.47271804822219,0.912163811980594,0.608833023257317,0.445639946352801,0.831787305519486,0.0018280058371964,0.575887727357879,0.409094937108612,0.810683888843563,0.0015622334376409,BLCA,179.0,False,False,-0.24481081698128065,False,False,-0.02310472882527877,True,True,-0.05563132435620588,0,0,0.24481081698128065
BLCA,KMT2A,True,1083,337,904.0,BLCA,UTUC,984,165,99,14,0.686336301933973,0.281677047297159,1.67233192719268,0.407490065341414,0.649335554637324,0.240097498650009,1.7561060189585,0.394959333515098,1.07824917980127,0.613658680004825,1.89457320758987,0.793344249800721,0.972638507792556,0.49426439175767,1.91400732607246,0.935979352551304,0.852805533074299,0.376396175772898,1.93221218506999,0.702788709317331,0.870489560965566,0.383186262654979,1.97750323954673,0.740415180882438,BLCA,179.0,False,False,-0.05541812722691408,False,False,-0.10308138503526486,False,False,0.02052422562108261,0,0,0.10308138503526486
BLCA,KMT2C,True,1083,337,904.0,BLCA,UTUC,946,154,137,25,1.61901076830205,0.924426407889719,2.83548354472226,0.0919639674340271,1.77009145096389,1.00607849488655,3.11429352749337,0.0475926973118283,0.909202385086077,0.573528457412062,1.4413390763142,0.685547176426324,1.06594144479615,0.661949545048366,1.71649209857994,0.792776186397234,1.4349422161072,0.73586448376922,2.79814994334257,0.289221409203932,1.26953790836563,0.559532251178382,2.88048901092487,0.568060123746588,BLCA,179.0,False,True,0.08921588658317842,False,False,0.15904595812749664,False,False,-0.1224715982999012,0,1,0.15904595812749664
BLCA,KMT2D,True,1083,337,904.0,BLCA,UTUC,823,120,260,59,1.0448553283355,0.629947785031623,1.73303674223773,0.865040136321952,0.919821509477339,0.513326990897396,1.64821181099025,0.778832261997111,0.807830871994136,0.578778830712438,1.12753038486828,0.209692454579311,0.76065783050979,0.5095033529469,1.13561634436616,0.180903883415785,1.20264494718092,0.634744467887111,2.27864115743192,0.571443543139603,1.05714506967028,0.516111374963774,2.16533824391416,0.879259203168934,BLCA,179.0,False,False,-0.12745407324799507,False,False,-0.06016909441832746,False,False,-0.12895130984585929,0,0,0.12895130984585929
BLCA,PIK3CA,True,1083,337,904.0,BLCA,UTUC,852,141,231,38,0.823286083864277,0.459996589035986,1.47348913457172,0.512630886025127,0.958955566989859,0.520560032955512,1.76655087068398,0.893043735972665,0.950419737317237,0.620528693171779,1.45569042499073,0.815156928269206,0.799151446329138,0.475581515959085,1.34286765305003,0.397177678793225,1.58031362620917,1.07296741058906,2.3275554621098,0.0205327485478608,1.43944370067614,0.932585165034705,2.221779034346,0.100010059763952,BLCA,179.0,False,False,0.15254098987324743,False,False,-0.1733532431245928,True,False,-0.09336660496896643,1,0,0.1733532431245928
BLCA,RB1,True,1083,337,904.0,BLCA,UTUC,913,171,170,8,1.83648917539863,0.907252495521653,3.71747943158549,0.0911354732951333,1.92526395981222,0.94805524456534,3.90973135394786,0.069927515596169,0.883416201267878,0.482804339230494,1.61643987273691,0.687595707458093,1.01687558906899,0.553833065703031,1.86705349983357,0.956951267540893,0.765870000221666,0.512534937708552,1.14442316822717,0.193030091693234,0.831738244150091,0.550140650075362,1.25747571405078,0.382333872296645,BLCA,179.0,False,False,0.047207388206768064,False,False,0.140693618598443,False,False,0.08250533809100796,0,0,0.140693618598443
BLCA,RBM10,True,1083,337,904.0,BLCA,UTUC,979,167,104,12,1.887453333934,0.697141818497059,5.11012249338133,0.211288061299562,1.6781541434449,0.533129546568703,5.28239589661977,0.376229060900766,1.15670222925799,0.61311227173018,2.18224313696205,0.653088948514914,1.21219087700341,0.619268206827335,2.3728114992669,0.574431061514866,0.844534081048061,0.508202708289941,1.40345142286171,0.514373710033855,0.83941795508968,0.477163350578289,1.47669032517478,0.543591234479735,BLCA,179.0,False,False,-0.11753401285645981,False,False,0.04685631394952497,False,False,-0.006076350858055829,0,0,0.11753401285645981
BLCA,SMARCA4,True,1083,337,904.0,BLCA,UTUC,977,154,106,25,1.47863030888467,0.757013621196113,2.88812186351132,0.252204613483425,1.46755153498385,0.687045817542345,3.13473636378074,0.321869616873963,0.799913143501663,0.495610024493783,1.29105749586132,0.360692983461753,0.73878745024044,0.431244286765461,1.2656559481091,0.270361896929121,1.09550008060398,0.443552279998285,2.7057023055049,0.843262811718148,0.468660053928678,0.0644767653809334,3.40653326591012,0.453943254662236,BLCA,179.0,False,False,-0.007520802657897507,False,False,-0.07949288965048862,False,False,-0.8490885586926681,0,0,0.8490885586926681
BLCA,STAG2,True,1083,337,904.0,BLCA,UTUC,961,157,122,22,0.55144960110983,0.13547262687777,2.24470927871327,0.405958278110627,0.309290031830254,0.0428047429109653,2.23480664253806,0.244832365859353,0.833649411488573,0.341087805590674,2.03751447540535,0.689872678825835,1.22400769251409,0.498109057026614,3.00776468566325,0.659470671222201,0.553844004816291,0.339127415542798,0.90450717816483,0.0182256486956139,0.514001431891921,0.293745204803692,0.89941033135675,0.0197356686624527,BLCA,179.0,False,False,-0.578270998391903,False,False,0.3840728037254906,True,True,-0.07465701610904174,0,0,0.578270998391903
BLCA,TERT,True,1083,337,904.0,BLCA,UTUC,292,72,791,107,1.13286674096099,0.617766744914205,2.07746218672521,0.68678966101161,1.38086717471179,0.720711529534835,2.64571062908792,0.330682161103319,1.0336409593589,0.763230109986468,1.39985781337078,0.830681616631731,1.15767243893355,0.815589292310578,1.64323574193762,0.412620808572953,1.5456704434839,1.1760652979721,2.03143237367794,0.0017897878061202,1.75701171085098,1.27298764921854,2.42507470827592,0.0006080564609727,BLCA,179.0,False,False,0.19796033025811405,False,False,0.11332399007934235,True,True,0.12815671421081398,0,0,0.19796033025811405
BLCA,TERT:NA,True,1072,335,898.0,BLCA,UTUC,292,72,780,102,1.15255603400013,0.613699242261273,2.164554426718,0.6588140616411,1.5048434257992,0.784957119929777,2.88493941729409,0.21840211073836,1.04128712741819,0.768945416032294,1.41008563042307,0.793680380500534,1.16110697117303,0.818024409174808,1.64807967022231,0.40320428517932,1.54671962497362,1.17649510598058,2.03344798131104,0.0017819813181526,1.7564035856905,1.27208001214382,2.42512540593059,0.0006216424528736,BLCA,174.0,False,False,0.26670674254523186,False,False,0.10891626512400163,True,True,0.12713198393474745,0,0,0.26670674254523186
BLCA,TP53,True,1083,337,904.0,BLCA,UTUC,574,107,509,72,0.702439667630229,0.440582046153147,1.11993098894673,0.137797468618723,0.770936490484735,0.463153499272931,1.28325290275024,0.316991728947324,1.25555884798154,0.97183066892535,1.6221221156644,0.0816253045394735,1.33358696056501,1.00249423548819,1.77402933446591,0.048033405059691,0.982722087616424,0.700215887301799,1.37920706885209,0.919720623937022,1.07754479907196,0.739615353591502,1.56987383829828,0.697284993991201,BLCA,179.0,False,False,0.09304648211544814,False,True,0.06029150412110787,False,False,0.09211403640358008,0,1,0.09304648211544814
BRCA:HR+HER2+,TP53,True,208,51,208.0,IDC,,93,0,115,0,0.779221221616019,0.229471141474255,2.64602210245632,0.689201038410744,0.779221221616019,0.229471141474255,2.64602210245632,0.689201038410744,1.09396615141975,0.507336335502562,2.35891233626436,0.818805807363709,1.09396615141975,0.507336335502562,2.35891233626435,0.818805807363709,1.26712231116624,0.644069883090889,2.49289555932969,0.49289519792577,1.26712231116624,0.644069883090889,2.49289555932969,0.49289519792577,BRCA,0.0,False,False,0.0,False,False,0.0,False,False,0.0,0,0,0.0
BRCA:HR+HER2-,AKT1,True,1567,556,1228.0,IDC,ILC,1460,312,107,27,0.721604003325881,0.371790277539739,1.4005539388003,0.334878637397949,1.17804471586331,0.554820178224447,2.5013317954922,0.669732512545961,1.35850611645264,0.885820032103708,2.08342417370751,0.160237837269986,1.271690756984,0.770070483270766,2.10006410650845,0.347679168126849,1.43659227162059,0.871565787422592,2.36791919171484,0.155365454182797,1.20307243479934,0.658158720009152,2.19914017602607,0.548017097740241,BRCA,339.0,False,False,0.4901348060487256,False,False,-0.06603833244968127,False,False,-0.17739518402887985,0,0,0.4901348060487256
BRCA:HR+HER2-,ARID1A,True,1567,556,1228.0,IDC,ILC,1449,311,118,28,1.30850886052753,0.717895476387234,2.38502051398285,0.380006381289884,1.12289152718528,0.530810642846226,2.37539581923899,0.761738489889837,1.01713256432753,0.667955358995751,1.54884400504089,0.936893386497716,1.16048476790307,0.729866671902825,1.8451656287086,0.529306945337033,0.928552167114039,0.553891456810117,1.5566391509587,0.778548939747705,0.875121123763596,0.464454953052408,1.64889399117,0.679825367892412,BRCA,339.0,False,False,-0.152981135388115,False,False,0.13185036420923946,False,False,-0.05926425956946109,0,0,0.152981135388115
BRCA:HR+HER2-,CBFB,True,1567,556,1228.0,IDC,ILC,1448,309,119,30,1.06356238352949,0.340596662481401,3.32112750435624,0.915526100173857,0.637390214867346,0.0892496695684864,4.55202005758565,0.653429343861581,0.574007689342966,0.213117718841153,1.54602268275231,0.272158587567383,0.35649071430531,0.0882654803585489,1.43981122483747,0.147566897657811,0.772757897600539,0.469054467663084,1.27310325233472,0.311518683350569,0.723814591649505,0.396887324356696,1.32004105682621,0.291754128486793,BRCA,339.0,False,False,-0.5119972413922496,False,False,-0.47633459961202385,False,False,-0.06543053037617547,0,0,0.5119972413922496
BRCA:HR+HER2-,CDH1,True,1567,556,1228.0,IDC,ILC,1243,43,324,296,0.927718931455369,0.588495422577018,1.46247937156734,0.746640994565204,1.32754417502598,0.420513622667394,4.19100224498402,0.62906062712578,1.37368522476205,1.01124137153434,1.86603431173551,0.0422053033181542,1.56854374564845,0.696988538830988,3.52994252407569,0.276726064468173,0.948205408534889,0.703907146223508,1.27728991188467,0.726426051570555,1.48394669280853,0.593503441831816,3.71033701220117,0.398576934051461,BRCA,339.0,False,False,0.35835721809492066,True,False,0.13265056488217108,False,False,0.447889347340135,1,0,0.447889347340135
BRCA:HR+HER2-,ESR1,True,1567,556,1228.0,IDC,ILC,1413,313,154,26,1.20839844690396,0.805860998534652,1.81200828571567,0.35978992934347,1.23545008781416,0.805112263467362,1.89580632259478,0.333161655370925,1.16151715852838,0.853006789113559,1.58160770438633,0.341815181772209,1.09236382664868,0.775303457713836,1.53908604159868,0.613529243276422,0.58079064079056,0.350640322375327,0.962005071592544,0.0348229165425461,0.643796263115258,0.367289795795192,1.12846486111552,0.124074037044603,BRCA,339.0,False,False,0.0221394619811269,False,False,-0.061383049432261555,True,False,0.10299196538976191,1,0,0.10299196538976191
BRCA:HR+HER2-,FOXA1,True,1567,556,1228.0,IDC,ILC,1466,307,101,32,0.96925716773613,0.517556187619221,1.81518350988985,0.9222941235134,0.884341160983615,0.364221805645533,2.14720611695326,0.785953085170828,0.800761703386956,0.468790542598684,1.36781621501291,0.41600188074974,0.834782543344032,0.454922112719144,1.53182682307236,0.559859025852007,1.1787940384407,0.663247458373527,2.09507834145481,0.57507296593885,1.0411218170672,0.51551040465186,2.10264357070604,0.910530367871161,BRCA,339.0,False,False,-0.09168705475946606,False,False,0.04160785988682947,False,False,-0.12419311249322744,0,0,0.12419311249322744
BRCA:HR+HER2-,GATA3,True,1567,556,1228.0,IDC,ILC,1267,323,300,16,0.709147920166155,0.446861788470716,1.12538325193795,0.144663778205729,0.70840638911403,0.439214273211771,1.14258493574869,0.157523123861024,0.682222703410952,0.520711739304338,0.893830082784675,0.0055330144108645,0.680134721904522,0.514099205722995,0.899793726173131,0.0069462625471394,0.803936160777901,0.358822522734774,1.8012061943058,0.595951378734672,1.02530122346296,0.422400088303999,2.48873669287224,0.955959550327979,BRCA,339.0,False,False,-0.0010462119368662148,True,True,-0.003065250135505071,False,False,0.24322186093955966,0,0,0.24322186093955966
BRCA:HR+HER2-,MAP3K1,True,1560,551,1223.0,IDC,ILC,1380,301,180,36,1.38900269308423,0.851891519624178,2.26475840755685,0.187729615969641,1.618844358051,0.904750819285442,2.89655118263755,0.104639223473399,0.733107658201967,0.502899977210679,1.0686952930388,0.106425547133167,0.705965688724816,0.449252939485561,1.10936959973463,0.131073607282584,0.52025057638233,0.277050788625612,0.976935180617365,0.0420982393180422,0.620621258493242,0.3291834786929,1.17007921546715,0.140355035864114,BRCA,337.0,False,False,0.15312653281888755,False,False,-0.03772592772916633,True,False,0.1764104330021285,1,0,0.1764104330021285
BRCA:HR+HER2-,PIK3CA,True,1567,556,1228.0,IDC,ILC,826,164,741,175,0.701368785114962,0.489294747491694,1.00536164603318,0.0535007547192112,0.699143279042993,0.463904683583239,1.05366757855395,0.0872350778518861,0.98032959321998,0.779514424624006,1.23287790576346,0.865111295742652,0.97760072831994,0.747475063327343,1.27857534103869,0.868607181335279,1.21121776589206,0.971692167457107,1.50978728196582,0.0882819508032769,1.36353272192459,1.0675581485735,1.74156460352388,0.013007044094788,BRCA,339.0,False,False,-0.0031781346296951285,False,False,-0.0027875013089032757,False,True,0.11845264989131868,0,1,0.11845264989131868
BRCA:HR+HER2-,PIK3CA:p.E545K,True,998,364,790.0,IDC,ILC,826,164,172,44,0.472699631318628,0.242406177633344,0.921779071929191,0.0278779887927719,0.500709494247072,0.245403107508786,1.02162519527257,0.057280744983255,1.02153926878198,0.611128111844044,1.70756745997954,0.9352044008924,1.00075285585975,0.551752578335739,1.81513656271857,0.998023388348551,1.01692813625155,0.69776202762975,1.48208528602935,0.930394843192855,1.47944308616854,0.989201728862816,2.21264458133134,0.0565077568371654,BRCA,208.0,True,False,0.05756592325255405,False,False,-0.020558004203828063,False,False,0.37487927174710656,1,0,0.37487927174710656
BRCA:HR+HER2-,PIK3CA:p.H1047R,True,1076,400,853.0,IDC,ILC,826,164,250,59,0.987342930251323,0.602586271465905,1.61777011538244,0.959676325884748,0.928757259458258,0.51663113695897,1.66964393991785,0.804925712381001,1.09298933221361,0.785347973180024,1.5211418646635,0.598034115825329,1.14736844146806,0.783106630763391,1.68106652243965,0.480552446562393,1.14419483908205,0.799058570979036,1.63840534014665,0.462122134823983,1.17667711114113,0.792408014766068,1.74729305873084,0.41994483197286,BRCA,223.0,False,False,-0.06117001377447597,False,False,0.04855455937243225,False,False,0.027993266222853752,0,0,0.06117001377447597
BRCA:HR+HER2-,PTEN,True,1567,556,1228.0,IDC,ILC,1441,306,126,33,1.20310908427152,0.497148065723472,2.91155003600431,0.681750472821849,1.33949860886937,0.552150431629459,3.2495791370984,0.517998970574308,1.31592734100474,0.81604810044757,2.12201310909743,0.260110322682847,1.0740653570571,0.550948550810398,2.09387317478796,0.83384012362708,1.52586773575036,1.06438172429069,2.18744111616112,0.0214766002245431,1.37162653125927,0.897634774842803,2.09590737121765,0.144083449866903,BRCA,339.0,False,False,0.10738626170820931,False,False,-0.203090771270588,True,False,-0.10656597057414097,1,0,0.203090771270588
BRCA:HR+HER2-,TBX3,True,1567,556,1228.0,IDC,ILC,1445,283,122,56,0.557620387258045,0.249017031539435,1.24867160436201,0.155598116957559,0.182613096896364,0.0256202657921132,1.30160800940428,0.0897149289511302,0.838599600903273,0.567328921776295,1.23957948139374,0.377339390284904,0.834201210461892,0.504098858723145,1.38046664358404,0.480571249236897,1.52828293383499,0.723646959780752,3.22760801283395,0.2661488848101,2.18260367123761,0.810769675632591,5.87560059147874,0.122397451527658,BRCA,339.0,False,False,-1.1163087311889721,False,False,-0.005258726021241805,False,False,0.35637366901770123,0,0,1.1163087311889721
BRCA:HR+HER2-,TP53,True,1567,556,1228.0,IDC,ILC,1139,295,428,44,1.52251615693795,1.02758226267355,2.25583443033167,0.0361172237328589,1.7151498510451,1.12548074142135,2.61376219358935,0.0120761112203888,2.07426149730293,1.61535783917331,2.6635341438621,1.07224738045775e-08,2.05747401673711,1.56678913835819,2.70183091388048,2.1006989033212e-07,2.22478084489806,1.7590001052514,2.81389966552499,2.5261234214808398e-11,2.24064711069799,1.73105581392496,2.90025280195668,8.89854462128122e-10,BRCA,339.0,True,True,0.11913612084754482,True,True,-0.008126160490214196,True,True,0.007106298759043006,0,0,0.11913612084754482
BRCA:TN,TP53,True,300,153,300.0,IDC,,28,0,272,0,0.812742179154203,0.390086280860255,1.69334294023265,0.579839846142033,0.812742179154204,0.390086280860256,1.69334294023265,0.579839846142035,1.00610627662402,0.538058939944364,1.88129917508094,0.984790035497718,1.00610627662402,0.538058939944364,1.88129917508094,0.984790035497715,1.3432855840147,0.726514503428139,2.4836615810247,0.346647626564258,1.3432855840147,0.72651450342814,2.4836615810247,0.346647626564257,BRCA,0.0,False,False,1.2490009027033011e-15,False,False,0.0,False,False,0.0,0,0,1.2490009027033011e-15
CRC:CRC HM,AMER1,True,346,36,273.0,COAD,COADREAD+READ,246,53,100,20,0.659848132335616,0.0869567826178241,5.0070798923229,0.687628187032531,0.807308938869471,0.105725179163234,6.16454592876393,0.836499578786913,0.87867304894175,0.33079910173801,2.33394323890293,0.795249094157862,0.757855768416707,0.256792091797729,2.23661625130917,0.615572432739162,0.558647611051085,0.122764215740721,2.54216712459773,0.45137987196833,0.710771957290565,0.151993921604511,3.32379591195222,0.664434854068599,CRC,73.0,False,False,0.20169671286846094,False,False,-0.14791978211530232,False,False,0.24083276048661284,0,0,0.24083276048661284
CRC:CRC HM,APC,True,346,36,273.0,COAD,COADREAD+READ,133,17,213,56,1.79754884203857,0.509376447796252,6.34340644035164,0.362042119449456,1.77117661106758,0.497148612173586,6.31011836456157,0.377856972604378,0.845175469887022,0.352348937797287,2.02731297946955,0.706307952900436,0.825346326233404,0.31260036778705,2.17912910035673,0.698382766114742,0.667585121889096,0.259317011337739,1.71862961349354,0.402284491982521,0.708217370378406,0.254343639415496,1.9720243244862,0.509057670780107,CRC,73.0,False,False,-0.014779904697386215,False,False,-0.023741174848947694,False,False,0.05908416130777183,0,0,0.05908416130777183
CRC:CRC HM,ARID1A,True,346,36,273.0,COAD,COADREAD+READ,127,20,219,53,0.325778190534791,0.0400114636666712,2.65252554398624,0.294536251134328,0.377526355036859,0.044466674168507,3.20523518820661,0.37205948504556,2.65803748027838,1.18564458274313,5.9589217117819,0.0176258712707531,2.8026947941044,1.12289641013448,6.99538981334809,0.0272205698882648,3.08724577366958,1.0681661276919,8.92285031321443,0.0373661239000268,4.93284884692875,1.58760176948287,15.3268900390382,0.005796560253769,CRC,73.0,False,False,0.14742362826033728,True,True,0.052993319687544505,True,True,0.4686373225236813,0,0,0.4686373225236813
CRC:CRC HM,ARID1B,True,346,36,273.0,COAD,COADREAD+READ,233,49,113,24,1.42449840253433,0.463778858948559,4.37535187227655,0.536590229869988,1.68381201024745,0.532247883470031,5.32688428438475,0.375221050657804,1.57897848288281,0.684163396044991,3.64411931976986,0.284410288302036,2.32167136627388,0.955374897879186,5.6419296183535,0.0629992657879613,1.64467481813582,0.553536698737301,4.88667736679517,0.370523207821081,2.15898207592169,0.703291505814722,6.62769785446418,0.178659581464045,CRC,73.0,False,False,0.1672405231858619,False,False,0.38550923467284315,False,False,0.272094163738787,0,0,0.38550923467284315
CRC:CRC HM,ASXL1,True,346,36,273.0,COAD,COADREAD+READ,247,51,99,22,0.545529186058655,0.121977495779285,2.43981146637345,0.42782224061046,0.602522866792892,0.131427857522884,2.76222873788469,0.514317857257331,0.549603989969044,0.165240363431087,1.82803123593872,0.328983241675323,0.74131187731101,0.21928949203823,2.50601747641683,0.630042899841538,0.896785780273225,0.268812135475569,2.99177242975828,0.859335807126806,1.15785998269301,0.340714693157646,3.93478698290697,0.814331109968144,CRC,73.0,False,False,0.09936931067036425,False,False,0.2992234231565757,False,False,0.25551172221793494,0,0,0.2992234231565757
CRC:CRC HM,ATM,True,346,36,273.0,COAD,COADREAD+READ,230,42,116,31,1.69914798303576,0.502205131130149,5.74885378362711,0.393963948145946,2.22115263789062,0.646376261137829,7.63258080073035,0.205121041334095,0.630311100445198,0.217678473270598,1.82513262508305,0.394859856817062,0.658557792418482,0.193991141013708,2.23566067856912,0.502971406691054,1.24550648114237,0.468270021346074,3.3128031346281,0.660037913575328,1.48209164392722,0.548310108763066,4.00611917579667,0.438030298001145,CRC,73.0,False,False,0.2678993284235831,False,False,0.04383877333387953,False,False,0.17391210361599088,0,0,0.2678993284235831
CRC:CRC HM,B2M,True,346,36,273.0,COAD,COADREAD+READ,228,53,118,20,2.33910862442705,0.545541488252104,10.0293548239553,0.252582436813686,2.74476196536012,0.63085593979518,11.9420580377408,0.178336795921392,1.39021097800321,0.647237463410982,2.98605484480959,0.398314979603152,1.46791728930496,0.665541254078768,3.23763726896697,0.341552210869744,0.283381529854658,0.0379241886392056,2.11751640164948,0.219133811377568,0.304285684114237,0.0403263465644972,2.29601204782544,0.248550479721459,CRC,73.0,False,False,0.15992442842024635,False,False,0.054389067808827185,False,False,0.07117285877370727,0,0,0.15992442842024635
CRC:CRC HM,BRAF,True,346,36,273.0,COAD,COADREAD+READ,217,55,129,18,1.26726075541309,0.415571179792497,3.8644398367857,0.677141225020517,1.63548052461393,0.517468134355894,5.16900726596595,0.402101636106805,0.998925293458554,0.438755453996384,2.27427769346767,0.997956147273548,1.08729201631084,0.446088902109511,2.6501531939996,0.853926107440502,0.86213829581466,0.279022153510075,2.66388324998491,0.79662301284109,0.715247806506018,0.195905499885891,2.61135815487391,0.612007451831193,CRC,73.0,False,False,0.25507897447453054,False,False,0.08476550077348168,False,False,-0.18678662860104467,0,0,0.25507897447453054
CRC:CRC HM,BRAF:p.V600E,True,319,33,253.0,COAD,COADREAD+READ,217,55,102,11,0.928462502386289,0.204695922498231,4.21133263338384,0.923349093864487,1.32298552705871,0.276987066039113,6.31903406117767,0.725719762222158,1.07888736603348,0.463706576638035,2.5102036659171,0.860107571100207,1.13977463257999,0.45636541285038,2.84659217480787,0.779358974724042,1.03046458423676,0.285085253822921,3.72470075223817,0.963490686490189,0.819053759365234,0.17547239586467,3.8231031007732,0.799550699274971,CRC,66.0,False,False,0.3541162297429542,False,False,0.05490025868116179,False,False,-0.2296153102376252,0,0,0.3541162297429542
CRC:CRC HM,BRCA2,True,346,36,273.0,COAD,COADREAD+READ,217,48,129,25,1.42128541346189,0.326350567768037,6.18982292672261,0.639561579460813,1.55539752038546,0.349859887954613,6.91494375238321,0.561713940051806,2.02574975497439,1.01728426601488,4.03393840529406,0.0445662510944568,2.49458767956319,1.18092276420009,5.26958060228742,0.0165838729487377,3.59638286649311e-08,0.0,inf,0.996146108792554,3.30753661222783e-08,0.0,inf,0.996618661939883,CRC,73.0,False,False,0.09016947018433308,True,True,0.20818357545146415,False,False,-0.08372489464324318,0,0,0.20818357545146415
CRC:CRC HM,CARD11,True,346,36,273.0,COAD,COADREAD+READ,243,51,103,22,1.30852168156102,0.535467307019896,3.19763497914478,0.555297589592372,1.61458987717522,0.643836920594769,4.04900742422238,0.307108386884288,0.646307839983926,0.19005457095111,2.19786255039423,0.484586491540696,0.867053321009913,0.250069068263253,3.00629528751994,0.822078426756495,1.99056532803515,0.402240717935566,9.85069424475915,0.398803675102288,4.60392792851499,0.779393400841902,27.1957041823349,0.0920019437482624,CRC,73.0,False,False,0.21018296576957451,False,False,0.29382455271767927,False,False,0.8384911538034083,0,0,0.8384911538034083
CRC:CRC HM,CASP8,True,346,36,273.0,COAD,COADREAD+READ,223,47,123,26,2.5867543296073,1.02214128307626,6.54635330020506,0.0448357942772613,3.66399422842384,1.41486747441104,9.48841778380088,0.007477420199648,1.03529253384318,0.467157026278069,2.29436906722973,0.931923055178768,1.16264183297461,0.491168322159318,2.7520830859774,0.731767846108686,2.14102017123019e-07,0.0,inf,0.997306530481723,4.39515390819328e-07,0.0,inf,0.996933976228137,CRC,73.0,True,True,0.34814993633395463,False,False,0.11601082972086721,False,False,0.7192201184839266,0,0,0.7192201184839266
CRC:CRC HM,CIC,True,346,36,273.0,COAD,COADREAD+READ,225,47,121,26,0.652862789259278,0.152001919243957,2.80410815678795,0.566378439752812,0.736709371927021,0.169453064647831,3.20289691905583,0.683630299795216,0.949112948686455,0.419921481208456,2.14519959010413,0.900104698738741,1.02265148588976,0.423400849941438,2.47003770005935,0.960294980387514,2.8726071471774,0.819770052368215,10.0660810896617,0.0990778359915803,3.26640903173785,0.892851995132555,11.9498282142883,0.0736628517971535,CRC,73.0,False,False,0.12082649155355374,False,False,0.07462621923817722,False,False,0.12847119499861304,0,0,0.12847119499861304
CRC:CRC HM,CREBBP,True,346,36,273.0,COAD,COADREAD+READ,202,46,144,27,1.40253028705392,0.478046142981546,4.11485634803976,0.537897090928792,1.18228759034324,0.344197238259109,4.06105508966161,0.790266329032976,0.869082719967845,0.394873315705912,1.91277745065264,0.727375382936259,1.05322014560899,0.464809437864319,2.38651065308279,0.901122586850964,0.978421240547905,0.208794898186054,4.58492105062003,0.977916139420177,1.05194495319419,0.220627759787958,5.01563441343124,0.949331523636126,CRC,73.0,False,False,-0.17082675559663496,False,False,0.1921692448670948,False,False,0.07245577245774676,0,0,0.1921692448670948
CRC:CRC HM,EP300,True,346,36,273.0,COAD,COADREAD+READ,229,53,117,20,1.75065790426972,0.694922308627948,4.41028163829305,0.234869832383342,1.91163939538469,0.736870743799157,4.95930284753276,0.182798251490837,1.61845501298567,0.734533486484543,3.56606836482677,0.232271207275061,1.58518377296982,0.66032477915349,3.8054116298773,0.302495398487054,2.96277576857497,0.62541054025607,14.035644892171,0.171134826088665,3.02820865276193,0.603648878066929,15.1910290532263,0.178133798389663,CRC,73.0,False,False,0.08796953351894976,False,False,-0.020771652799854823,False,False,0.021844652414736654,0,0,0.08796953351894976
CRC:CRC HM,FAT1,True,346,36,273.0,COAD,COADREAD+READ,179,41,167,32,1.26842168058885,0.426761843769168,3.77000330108726,0.668780964469694,1.53498808828687,0.500080739735975,4.7116160330961,0.453922150124518,0.839264178025919,0.387778647699525,1.8164083161776,0.656447455521384,0.864409910962146,0.371769178610368,2.00986132568212,0.735017384961948,1.0807615300751,0.3193354325956,3.65773843320876,0.900637186914516,1.2984613739606,0.373946047428024,4.50867699034087,0.680907113878911,CRC,73.0,False,False,0.19074926453525665,False,False,0.0295215608764218,False,False,0.1835140919217376,0,0,0.19074926453525665
CRC:CRC HM,FBXW7,True,346,36,273.0,COAD,COADREAD+READ,205,38,141,35,0.800060309327525,0.266114574388914,2.4053417593949,0.691230943266412,0.695798831126374,0.195974972530552,2.47039714890816,0.574775887818313,0.53221617237682,0.216198819395316,1.31015541588831,0.169997048777858,0.560615040344703,0.208995806410656,1.50380636271307,0.250334419987966,0.348610378338052,0.0464939017763923,2.61387388973035,0.305266892561067,0.440420173557711,0.0580531846235483,3.34124528282853,0.427688572908211,CRC,73.0,False,False,-0.13962652866833047,False,False,0.0519847215213628,False,False,0.23377430702803637,0,0,0.23377430702803637
CRC:CRC HM,FLT4,True,346,36,273.0,COAD,COADREAD+READ,242,51,104,22,0.94867583957665,0.347404268600886,2.59060100850519,0.918124709942304,1.42188704215878,0.509727519908678,3.96635983284022,0.501275202063962,1.69158759600061,0.711200312930221,4.02343551165431,0.234413266926125,2.11079044008716,0.851720025924952,5.23110429054995,0.106667579235072,4.14695234997187,0.952295481359065,18.0586951524691,0.0581126087341852,5.21558493084804,1.17547478107632,23.1415651010235,0.0298079920075864,CRC,73.0,False,False,0.4046730121134628,False,False,0.22139499960500875,False,True,0.22927755435936237,0,1,0.4046730121134628
CRC:CRC HM,KMT2A,True,346,36,273.0,COAD,COADREAD+READ,244,45,102,28,0.648899522228789,0.150188745534319,2.80360947453638,0.562432341953145,0.908099129457935,0.20354209079576,4.05146682781071,0.899460206596563,1.11434483770502,0.426923933770469,2.90863153619174,0.824956278078642,1.48537104681891,0.558464263132152,3.95070426593407,0.427925200645188,0.91928537670878,0.122883119284637,6.87714967483135,0.934672710897202,1.68895029093117,0.221807741346619,12.8604757792416,0.612847940483959,CRC,73.0,False,False,0.33607566070592343,False,False,0.2873979615102827,False,False,0.6082658815513812,0,0,0.6082658815513812
CRC:CRC HM,KMT2C,True,346,36,273.0,COAD,COADREAD+READ,230,46,116,27,0.791575674065449,0.186960324722821,3.35147068609946,0.750912338827507,0.982416436895426,0.229338773861598,4.20836842907668,0.980932558890524,0.903160131781608,0.364981562642592,2.23490254612818,0.825612208903126,1.28247398073013,0.5030569728664,3.26948954087272,0.602331570455969,0.92853373849888,0.123899422920138,6.95866762903685,0.942479154680636,1.13036683506429,0.149164407597404,8.56591195174295,0.905598577491443,CRC,73.0,False,False,0.21598980544824364,False,False,0.3506464181225854,False,False,0.19669077512906807,0,0,0.3506464181225854
CRC:CRC HM,KMT2D,True,346,36,273.0,COAD,COADREAD+READ,140,26,206,47,1.84644707939576,0.719377083621214,4.73933197850423,0.202265303408136,2.23483416378009,0.790663383055279,6.31682691602459,0.1292910869724,1.22218883206704,0.570660168069781,2.61757456505485,0.6056107460932,1.71531892819876,0.748101834641034,3.93304612980766,0.202488324105196,1.58572566136701,0.201877157003208,12.4557226307574,0.66108823681447,5.04960446207807,0.628543807100261,40.5675864361374,0.127713595993941,CRC,73.0,False,False,0.19090373071541433,False,False,0.33895565142194206,False,False,1.158267782806486,0,0,1.158267782806486
CRC:CRC HM,KRAS,True,346,36,273.0,COAD,COADREAD+READ,217,36,129,37,1.1495340521883,0.335514395983423,3.93851516644231,0.824470134125714,1.19971742210831,0.349854984114781,4.11405284550125,0.772121352201017,0.868338236568016,0.323577181633077,2.33023629565162,0.779247718299125,0.764272246013013,0.255959989168351,2.2820444239103,0.630040867145274,0.554890665040107,0.0659995382544136,4.665239459127,0.58768814083642,0.566146703791082,0.0673930340181863,4.75601217370645,0.600346436633384,CRC,73.0,False,False,0.04272935922677901,False,False,-0.1276572435823986,False,False,0.020082144183739215,0,0,0.1276572435823986
CRC:CRC HM,MSH6,True,346,36,273.0,COAD,COADREAD+READ,230,50,116,23,0.572855163192037,0.0764575018584527,4.29209730921251,0.58767924827941,0.605121693166537,0.0797671820743783,4.59051271485687,0.62705464081319,1.1341243390385,0.509138253206557,2.52630402115493,0.758076067344654,1.11710096566802,0.473990951457003,2.63278141420308,0.800139817253947,6.04970800169379e-08,0.0,inf,0.996489347617328,5.90920621316839e-08,0.0,inf,0.99644846955035,CRC,73.0,False,False,0.05479666806873329,False,False,-0.015123939677093301,False,False,-0.023498496790534062,0,0,0.05479666806873329
CRC:CRC HM,NCOR1,True,346,36,273.0,COAD,COADREAD+READ,243,55,103,18,1.20875949718071,0.363914713246877,4.01495039590047,0.756899752596359,1.30694412527853,0.386778050514159,4.41623547233204,0.66653871562585,0.892387500577341,0.38445813278913,2.07137106297986,0.791005821533602,1.10104173541506,0.462741339217354,2.61980679136252,0.827709702116479,8.74382621145636e-08,0.0,inf,0.996810993174583,6.06905171224154e-08,0.0,inf,0.997328798673451,CRC,73.0,False,False,0.07809705858659405,False,False,0.2101115868943355,False,False,-0.3651455079641117,0,0,0.3651455079641117
CRC:CRC HM,NOTCH1,True,346,36,273.0,COAD,COADREAD+READ,217,46,129,27,0.952372707748807,0.284912936266479,3.18347698195236,0.936829038750382,1.34560919449863,0.392036489284879,4.61861115944112,0.637090914777793,0.657634055718064,0.304079125233734,1.4222697822738,0.286914175817959,0.809055031678568,0.363118638647647,1.80263411077494,0.604193213197237,4.81878413345025e-08,0.0,inf,0.997290439453796,4.06228778656335e-08,0.0,inf,0.997443550949438,CRC,73.0,False,False,0.34564566429413507,False,False,0.20721830877604427,False,False,-0.17077533263228517,0,0,0.34564566429413507
CRC:CRC HM,PIK3CA,True,346,36,273.0,COAD,COADREAD+READ,183,42,163,31,0.969243183395993,0.319078020508873,2.94420890245392,0.956052877774896,1.21887235252095,0.395416920216266,3.75717308942521,0.730396549065519,2.26520137990101,1.00555408016796,5.10279595369789,0.0484578644394493,2.30949575667358,0.920803177923427,5.79251981093493,0.0744075871301642,0.842962524276217,0.311969335697974,2.27774250871268,0.73623660635842,1.0603271103537,0.379470761579095,2.9627936979189,0.911036749614161,CRC,73.0,False,False,0.2291658654234831,True,False,0.01936554911994315,False,False,0.22941023234853256,1,0,0.22941023234853256
CRC:CRC HM,POLD1,True,346,36,273.0,COAD,COADREAD+READ,232,50,114,23,0.833961464115147,0.194942065228427,3.56768418767967,0.806582616414122,0.940231495270777,0.215807725551852,4.09640230644437,0.934588142555918,0.873825672698412,0.387510171079346,1.97045487642306,0.745107708394516,1.13278678428591,0.483773288287643,2.65249431855742,0.773946206649808,26.2936759256738,2.73053603520878,253.194751788543,0.0046657603940987,31.5910458233821,3.18277373196977,313.5611451705,0.0031916494160597,CRC,73.0,False,False,0.11993892131457584,False,False,0.25955515985135014,True,True,0.1835452692503381,0,0,0.25955515985135014
CRC:CRC HM,POLE,True,346,36,273.0,COAD,COADREAD+READ,205,43,141,30,1.04982846220962,0.350252542411484,3.14670035648336,0.930813120888085,1.22524826472029,0.398014927110841,3.77180152789098,0.723263540128612,2.2502092917103,1.09511324378493,4.62366963894904,0.0272974588563329,2.31216591594307,1.05875403806711,5.04943644192267,0.0354461314874167,5.29217490759985e-07,0.0,inf,0.997008227284897,6.3602508164177e-07,0.0,inf,0.997011651024887,CRC,73.0,False,False,0.15451670704164663,True,True,0.027161480758164713,False,False,0.18383851608884427,0,0,0.18383851608884427
CRC:CRC HM,PTCH1,True,346,36,273.0,COAD,COADREAD+READ,218,49,128,24,0.147262389135238,0.019030951130795,1.13952324845848,0.0665271174009943,0.145888713127346,0.0187104544470195,1.13752002540716,0.0662101524188976,0.472651077312782,0.191573408973836,1.16612760654817,0.10386150257356,0.357876707409645,0.122711518761941,1.043714062042,0.0598879463046987,0.643891464941258,0.149319653156555,2.776568320779,0.554926792414914,0.955078149591328,0.216722787297942,4.20894490699206,0.95156837760276,CRC,73.0,False,False,-0.009371863531452806,False,False,-0.27816890179883635,False,False,0.39426298996426384,0,0,0.39426298996426384
CRC:CRC HM,PTEN,True,346,36,273.0,COAD,COADREAD+READ,244,53,102,20,2.48014352226039e-08,0.0,inf,0.999098618438835,2.23430095209106e-08,0.0,inf,0.999046295869775,1.70025532870535e-08,0.0,inf,0.996971068355476,1.55808419626694e-08,0.0,inf,0.997385783362976,1.25355530982455,0.564495953208163,2.78372396800843,0.578776522991845,1.11631759243767,0.475241059642016,2.62217445631599,0.800619879967141,CRC,73.0,False,False,-0.1043880243533657,False,False,-0.0873214459023437,False,False,-0.11594835744337456,0,0,0.11594835744337456
CRC:CRC HM,PTPRT,True,346,36,273.0,COAD,COADREAD+READ,240,49,106,24,0.524109928225003,0.0701118338473309,3.9179008990431,0.529043295608048,0.756376695004709,0.0981080048960232,5.83138659635955,0.788748044633325,0.963964188204898,0.43364514754334,2.14282798137078,0.928248996064401,1.04580811211912,0.441881986875353,2.47512829185019,0.918836508213817,1.16375716042894,0.154402398001217,8.77143584543912,0.883007632084459,1.21326547943022,0.159619842510833,9.22199333379961,0.851813795360453,CRC,73.0,False,False,0.3668380768902803,False,False,0.08149103382364523,False,False,0.041661765387275035,0,0,0.3668380768902803
CRC:CRC HM,RNF43,True,346,36,273.0,COAD,COADREAD+READ,143,37,203,36,0.135611982058206,0.0158655480144753,1.15915376266713,0.0679927551663477,0.182920683304747,0.0207090118956647,1.61572056403522,0.126435858916512,0.513997373697808,0.232900725295279,1.13436014350445,0.0993883650011163,0.601325162011007,0.253555869730698,1.42608392718974,0.248340100571579,0.687819169499732,0.275295464383968,1.71849983431421,0.423121868796574,0.778573916392012,0.300777196561257,2.01537001546771,0.606003167383216,CRC,73.0,False,False,0.29925489945802264,False,False,0.15691766728386802,False,False,0.12393796560605391,0,0,0.29925489945802264
CRC:CRC HM,RNF43:p.G659Vfs*41,True,294,34,233.0,COAD,COADREAD+READ,143,37,151,24,0.583450370833847,0.119278743710342,2.85393964286563,0.505915320960821,0.84587119879204,0.166502263003044,4.29722738923254,0.840035796227394,0.553646073622794,0.238496646752899,1.28523389746238,0.168835460349826,0.663360791092064,0.262499292930024,1.67637609323235,0.385546126971704,0.747113620736868,0.282529959555235,1.97564450569862,0.556799055519527,0.805132917784119,0.293538567332823,2.2083606293703,0.673733533670395,CRC,61.0,False,False,0.3714077068847321,False,False,0.18079339548475098,False,False,0.07479010275521297,0,0,0.3714077068847321
CRC:CRC HM,SETD2,True,346,36,273.0,COAD,COADREAD+READ,242,52,104,21,0.557477505736248,0.0748014416921281,4.15474838949011,0.56854991782469,0.62951290893112,0.0837968073274557,4.72913605123807,0.652838934239617,1.54498717993045,0.685186788150555,3.48370025141955,0.294351005429374,1.57497625122369,0.65127656786488,3.80875086608868,0.313362679170225,4.041261735966e-08,0.0,inf,0.996611407996866,4.36784176825663e-08,0.0,inf,0.996624583844485,CRC,73.0,False,False,0.12152420585102092,False,False,0.01922458104014202,False,False,0.07771205847364371,0,0,0.12152420585102092
CRC:CRC HM,SMARCA4,True,346,36,273.0,COAD,COADREAD+READ,231,51,115,22,1.47811164856213,0.555876411059376,3.93039532195889,0.433547928153699,1.18470334513181,0.399162648236685,3.51616570880722,0.760088930530217,0.945844606839651,0.418047401660589,2.14000138915824,0.893677529697103,1.0362571600043,0.448389619188349,2.39485674000206,0.93359050986126,1.81416857870943e-07,0.0,inf,0.996068131686211,1.10035348539957e-07,0.0,inf,0.997676952239336,CRC,73.0,False,False,-0.22127295838665556,False,False,0.09129232378319888,False,False,-0.4999958008632941,0,0,0.4999958008632941
CRC:CRC HM,SPEN,True,346,36,273.0,COAD,COADREAD+READ,212,37,134,36,1.40801984268833,0.476477186945576,4.16078656380776,0.535934442790311,1.15947511342398,0.336285332650043,3.99774360676201,0.814750201434935,0.668123324726533,0.285194814231589,1.56520650014748,0.353156255526982,1.07910836250021,0.452308308353968,2.57451573740843,0.863741742318063,0.253855020703814,0.0321949149742313,2.00163198406062,0.193160893537179,0.275395983094036,0.0340447434457908,2.22774325279011,0.226661694162367,CRC,73.0,False,False,-0.19421693616807487,False,False,0.47941761450238046,False,False,0.08144668104466679,0,0,0.47941761450238046
CRC:CRC HM,TCF7L2,True,346,36,273.0,COAD,COADREAD+READ,192,31,154,42,0.244154029206225,0.0322502732625369,1.84839332964291,0.172201723016554,0.268941742365108,0.0350474601774114,2.06376326330767,0.206551718052313,0.330804262235902,0.0959973966451841,1.13994195402932,0.0796927629936804,0.358582832834115,0.0823690642404252,1.56104296180936,0.171765538180095,1.70148062397582,0.623360559960049,4.64424042796467,0.299533181772176,2.1040586918522,0.758897538176512,5.83354505193967,0.152800687098933,CRC,73.0,False,False,0.09669549164701818,False,False,0.08063283958398149,False,False,0.21236936257281436,0,0,0.21236936257281436
CRC:CRC HM,TCF7L2:p.K468Sfs*23,True,295,34,234.0,COAD,COADREAD+READ,192,31,103,30,1.24551469491468e-07,0.0,inf,0.99737823394727,1.35426746954876e-07,0.0,inf,0.99731600369156,0.31714351826443,0.073657114325765,1.36551658448501,0.123139086010108,0.536734090672382,0.124550033179369,2.31299403730411,0.403783856005034,1.71529991627132,0.628979605649738,4.677820673885,0.291812941458046,2.08584138503105,0.755172763539721,5.76124364326259,0.156118896716379,CRC,61.0,False,False,0.08371184121218711,False,False,0.5261483857858567,False,False,0.1955843722101247,0,0,0.5261483857858567
CRC:CRC HM,TGFBR2,True,346,36,273.0,COAD,COADREAD+READ,236,52,110,21,0.888703510763178,0.116787580512257,6.76265341381832,0.909274155548217,0.918446126811371,0.11873191124054,7.10460464285684,0.935042700202218,1.22331521772173,0.574385262905685,2.60539435559176,0.601286239778595,1.4436091944189,0.644639349088159,3.23282702050162,0.37209132749875,1.43417288673007,0.419403167042745,4.90423542467436,0.565417100658567,1.70177012956447,0.484597141906177,5.97614249742848,0.406771187949708,CRC,73.0,False,False,0.03291957830598495,False,False,0.16558179796974482,False,False,0.1710806645359771,0,0,0.1710806645359771
CRC:CRC HM,TP53,True,346,36,273.0,COAD,COADREAD+READ,230,50,116,23,1.17626855006053,0.402206651926589,3.440041817394,0.766841383394732,1.23617685189447,0.41126806067898,3.71566225356005,0.70572989475161,0.880120650974932,0.390796438529331,1.98213771647358,0.757872896135309,0.760209768481255,0.301468394425068,1.91701320198582,0.561268465807602,0.633584064389535,0.0813735321467045,4.93316138624345,0.662966527196369,0.578619404928452,0.0728449642492453,4.59606809077712,0.604842406745961,CRC,73.0,False,False,0.049676250555446166,False,False,-0.14646459509919685,False,False,-0.09074775957758846,0,0,0.14646459509919685
CRC:CRC HM,ZFHX3,True,346,36,273.0,COAD,COADREAD+READ,155,34,191,39,2.0688547709107,0.576613846643365,7.42292278972492,0.264721206236142,1.49930818452116,0.315340339953504,7.12856792284674,0.610658894623449,0.871554738352287,0.420022504603995,1.80849276793036,0.712035697802034,1.29796865804455,0.586076850214847,2.87457632330703,0.520299893937678,1.10295516380029,0.317819896433394,3.82767129121093,0.877326897255915,1.34680378376351,0.374843212603271,4.8390376855496,0.648202927160392,CRC,73.0,False,False,-0.32199141201107806,False,False,0.3982770782858175,False,False,0.19974112762266555,0,0,0.3982770782858175
CRC:CRC MSS,AMER1,True,3067,1091,1951.0,COAD,READ+COADREAD,2900,1055,167,61,0.930176161624938,0.481718944316511,1.79612552477656,0.829303007911627,0.778905921054465,0.290606698639972,2.08768220654586,0.619386158228419,0.987303639399732,0.6831796710271,1.42681130266431,0.945775284178649,0.989934598421347,0.648689216263109,1.51069338688398,0.962585674369194,1.05009535511773,0.691457127084163,1.59474855583579,0.818644383869897,0.943938468439513,0.542660366346195,1.64194750060575,0.838143215816294,CRC,1116.0,False,False,-0.17748371959848688,False,False,0.00266124792050473,False,False,-0.10657527114275436,0,0,0.17748371959848688
CRC:CRC MSS,APC,True,3067,1091,1951.0,COAD,READ+COADREAD,662,253,2405,863,0.840041742207239,0.585216137316031,1.20582821226868,0.344603097851096,0.685329873454853,0.447400339675504,1.04979141453111,0.082451499077286,0.748619057599977,0.634989110205642,0.882582841807134,0.0005667823149832,0.753134506638756,0.616872276618064,0.919495990644416,0.0053662886295491,0.627690546880992,0.540879025359886,0.728435387897701,8.67348887003595e-10,0.653004677893623,0.544888873885977,0.782572612117944,3.93580652287427e-06,CRC,1116.0,False,False,-0.20355129427316904,True,True,0.006013586721635655,True,True,0.039537007668403235,0,0,0.20355129427316904
CRC:CRC MSS,APC:p.E1309Dfs*4,True,766,308,473.0,COAD,READ+COADREAD,662,253,104,40,1.96556722904573,0.272919896135268,14.1560017668469,0.502313437399197,1.64879164119416,0.227254379862814,11.9624267647243,0.620917060693478,0.554882870437216,0.246112178885726,1.2510352039409,0.155608223848855,0.508148788088968,0.16195813978395,1.59433290096282,0.245880733121574,0.548956504404235,0.355087682354793,0.848672760849569,0.0069726009386796,0.643051894952926,0.395386588034825,1.04585171099968,0.075190692816428,CRC,293.0,False,False,-0.17573818889486714,False,False,-0.08798275258268251,True,False,0.1582062171077409,1,0,0.17573818889486714
CRC:CRC MSS,APC:p.R1450*,True,796,342,515.0,COAD,READ+COADREAD,662,253,134,28,1.64669127112466,0.916399525202498,2.95896284079692,0.0953153406116965,1.40614459175617,0.733083567221687,2.69715855235807,0.305054669053667,0.992144403926822,0.684255522981693,1.43857153531466,0.96681429119164,0.852103856576438,0.556542886446703,1.30462719059831,0.461478648928967,1.2460120751028,0.776881670795886,1.99843315869643,0.361492897137421,1.21760953308288,0.701470543645858,2.113521356647,0.484074233214583,CRC,281.0,False,False,-0.15791635721084102,False,False,-0.15216024837481149,False,False,-0.023058573912940583,0,0,0.15791635721084102
CRC:CRC MSS,APC:p.R876*,True,791,326,497.0,COAD,READ+COADREAD,662,253,129,41,0.40480628888494,0.100187751320891,1.63561043501161,0.204312736670242,0.22343713168989,0.0310372848529658,1.60852188116045,0.136747233051096,0.83598021105966,0.574664548256563,1.21612324164347,0.34886381986782,0.8517237628017,0.541542906128197,1.33956766843763,0.487281204957452,0.726974551433318,0.423738229880024,1.24721340007794,0.246938555298615,0.531116985355494,0.260632662677996,1.08230967383246,0.0814754763428245,CRC,294.0,False,False,-0.594278569129475,False,False,0.018657310370974955,False,False,-0.3139091636339171,0,0,0.594278569129475
CRC:CRC MSS,ARID1A,True,3067,1091,1951.0,COAD,READ+COADREAD,2917,1045,150,71,0.951429212166679,0.509260407822927,1.77751408092745,0.875924959344646,1.29351521255059,0.611851118697447,2.73462212288145,0.500441521609646,0.979830580032986,0.676488467144306,1.41919339677816,0.914155643934174,0.856883815386181,0.529521517714842,1.38662896314289,0.529394551092402,1.50266011126116,0.868829155880979,2.59888540191294,0.145137273312454,0.855980153696383,0.354829776575727,2.06493950590337,0.729257774787845,CRC,1116.0,False,False,0.30715347439539187,False,False,-0.13407734110639774,False,False,-0.56274503302845,0,0,0.56274503302845
CRC:CRC MSS,ATM,True,3067,1091,1951.0,COAD,READ+COADREAD,2906,1069,161,47,0.676419310435483,0.280419051286208,1.63164050884341,0.384193016881696,0.61555204142031,0.197498543654591,1.91851701124128,0.402813693399844,0.902671255302246,0.630274588846028,1.2927942988163,0.576352214396136,1.02027974543966,0.692743130008212,1.50267929606472,0.91904724006355,0.846412579290358,0.498195665317146,1.43801783968733,0.537481010039711,0.516795223372057,0.244242792069419,1.09349103257985,0.0843042727265571,CRC,1116.0,False,False,-0.09429367195223165,False,False,0.12247370013769297,False,False,-0.49336021337958125,0,0,0.49336021337958125
CRC:CRC MSS,BRAF,True,3067,1091,1951.0,COAD,READ+COADREAD,2845,1056,222,60,1.77301696443832,1.21369540772973,2.59009726506776,0.0030616874701652,1.74486640091053,1.14578898249037,2.65717230969452,0.0094818895260231,1.63639887888741,1.2640208220316,2.11847878148088,0.000185130792137,1.59531126160195,1.18514014081682,2.14744057157658,0.0020691170112703,2.5515413837672,1.66963687981131,3.89926906370947,1.49785297385523e-05,2.36018131807137,1.40959795321055,3.95180472664965,0.001093107190127,CRC,1116.0,True,True,-0.01600460361676781,True,True,-0.025429156426107713,True,True,-0.07795919500032622,0,0,0.07795919500032622
CRC:CRC MSS,BRAF:p.V600E,True,2984,1058,1903.0,COAD,READ+COADREAD,2845,1056,139,25,2.9600940542133,1.87571293045269,4.67137410396498,3.13019376440093e-06,2.76310069587843,1.67946830611027,4.54591815027834,6.3068163922339e-05,2.17277606161144,1.61733986108654,2.91896337158237,2.57933975840566e-07,1.98215818734775,1.42980898912129,2.74788528367297,4.03773898007224e-05,2.23005146208826,1.28734002064879,3.86310488588371,0.0042237297592435,1.88053479655882,0.97010256741894,3.64539919781627,0.0614720036507445,CRC,1081.0,True,True,-0.06886755322556914,True,True,-0.09181939631725422,True,False,-0.17046845973168123,1,0,0.17046845973168123
CRC:CRC MSS,CTNNB1,True,3067,1091,1951.0,COAD,READ+COADREAD,2925,1076,142,40,0.861610896669649,0.445535179609919,1.66625077263225,0.658019229005807,0.636868230886768,0.262988177247795,1.54227900188331,0.317383089282711,1.38005468164164,0.912215411779969,2.08783024242568,0.127261327113145,1.47843319901724,0.947550410963225,2.30675296920026,0.0849609098844033,1.10642710571076,0.737630521058923,1.65961264522254,0.624913755362282,1.00191901362022,0.618271787437407,1.62362528947732,0.99378947538664,CRC,1116.0,False,False,-0.3022409974955379,False,False,0.06885975493627211,False,False,-0.09921882541796592,0,0,0.3022409974955379
CRC:CRC MSS,FBXW7,True,3067,1091,1951.0,COAD,READ+COADREAD,2719,958,348,158,0.864716711597111,0.488540025102971,1.53055011441021,0.617818877342897,0.685139277493132,0.324741275806661,1.44550712993837,0.320866550802744,0.879060785646446,0.685606076692604,1.12710183169484,0.309410759637418,0.871484145164838,0.634523440349522,1.19693705067118,0.395530059004532,0.921518282884977,0.622243848945273,1.36473176413185,0.683319808447467,1.66382180004924,1.03902809373792,2.6643196646975,0.0340618429718504,CRC,1116.0,False,False,-0.23277980984586844,False,False,-0.008656376262953652,False,True,0.5908499070641853,0,1,0.5908499070641853
CRC:CRC MSS,GRIN2A,True,3067,1091,1951.0,COAD,READ+COADREAD,2965,1083,102,33,1.11032537520782,0.611757410033825,2.01521455827111,0.730761314444362,0.830414670829432,0.371304909033841,1.85720282374695,0.650906736635433,0.978399076907976,0.627789346600223,1.52481841063156,0.923154468900378,1.08110044646591,0.667230546391621,1.75168565298687,0.751474728802872,1.95087960332217,0.972603523549854,3.91313740337626,0.0598707108813259,2.16978850903716,0.970548962231432,4.85084458091158,0.0591417419822368,CRC,1116.0,False,False,-0.29048320273042466,False,False,0.09981709237086012,False,False,0.1063493520324823,0,0,0.29048320273042466
CRC:CRC MSS,KRAS,True,3067,1091,1951.0,COAD,READ+COADREAD,1660,630,1407,486,1.26289276027918,1.03247866097255,1.54472744498491,0.02315021727109,1.21448292498132,0.953834163991416,1.5463576696593,0.114910502397326,1.36124490190986,1.17443347385625,1.57777151641574,4.2249162569637e-05,1.31964706978839,1.10416632650555,1.57717940404184,0.0022931535996321,1.46445697774209,1.21829723412959,1.76035386076348,4.84678704388044e-05,1.35934269234533,1.09160118025291,1.69275426653948,0.0060864792083802,CRC,1116.0,True,False,-0.039086520975276845,True,True,-0.03103532062881581,True,True,-0.07448324163707953,1,0,0.07448324163707953
CRC:CRC MSS,KRAS:p.G12,True,2627,918,1676.0,COAD,READ+COADREAD,1660,630,967,321,1.29028992030352,1.02650639697644,1.62185845440481,0.0289504701378987,1.24749294788607,0.949532197561943,1.63895301183185,0.112270866134005,1.34222034004279,1.1342987073386,1.58825486582062,0.0006094046089535,1.28838819449222,1.05251797872924,1.57711713552966,0.0140455037250574,1.46260585709488,1.1737113759298,1.82260812758468,0.0007076507346665,1.32904676870234,1.01899159214789,1.73344444351585,0.0358371197340126,CRC,951.0,True,False,-0.03373104191324994,True,True,-0.04093323737182075,True,True,-0.09575770841498416,1,0,0.09575770841498416
CRC:CRC MSS,KRAS:p.G13,True,1911,643,1188.0,COAD,READ+COADREAD,1660,630,251,93,1.25678227339883,0.836485604524983,1.88825925298081,0.271173488755487,1.06409149990028,0.640926294496871,1.76664731948451,0.810200666725572,1.32505999840515,0.980549660984906,1.79061201001269,0.0669354223485509,1.39023327313163,0.964655677191433,2.00356313596727,0.077231746249911,1.7831184329759,1.25298825247996,2.53754282191027,0.0013145814889835,1.66464836800759,1.10074715879378,2.51743024451402,0.0157434420354215,CRC,723.0,False,False,-0.16643331993875649,False,False,0.048013815230650736,True,True,-0.06874984936243722,0,0,0.16643331993875649
CRC:CRC MSS,NRAS,True,3067,1091,1951.0,COAD,READ+COADREAD,2932,1066,135,50,1.63363983222373,1.03684653383603,2.57393839332639,0.0343483493700676,1.72291839070433,0.920439989722479,3.22503130478088,0.088984127710501,0.973769767092276,0.654437505317315,1.44891995278171,0.89570096124545,0.862964154024091,0.525199026787837,1.41795222981506,0.560777124128988,2.02463323922542,1.25225745673833,3.27340015531083,0.004006597826698,2.28644257622155,1.31762301328027,3.9676141063625,0.003273458687137,CRC,1116.0,True,False,0.05320904054605213,False,False,-0.12080174319720954,True,True,0.12160858180751333,1,0,0.12160858180751333
CRC:CRC MSS,PIK3CA,True,3067,1091,1951.0,COAD,READ+COADREAD,2534,949,533,167,0.932513346518049,0.659872984438125,1.31780079188229,0.692115380190327,1.12951664461213,0.769650363029995,1.65764600621143,0.533772226126392,0.86847864179365,0.6932426990947,1.08801023398691,0.220058176909099,0.888630954170763,0.681811298305036,1.15818698615515,0.3823828685869,1.25359472124202,0.985076364566352,1.59530751285223,0.0661056124930669,1.31123604847314,0.9939581495095,1.72979111410667,0.0552266499181675,CRC,1116.0,False,False,0.191661608029762,False,False,0.02293903134230757,False,False,0.044955039632052135,0,0,0.191661608029762
CRC:CRC MSS,PIK3CA:p.E542K,True,2637,937,1659.0,COAD,READ+COADREAD,2534,949,103,29,1.0300055913562,0.384535573626855,2.75894245158843,0.95310318299678,1.32747751492503,0.493426534449252,3.57134533633955,0.574784201792817,0.921002964483618,0.559897046290907,1.51500434982986,0.745890491687721,1.0718131949059,0.613021118318722,1.87397055410596,0.807782113780944,1.42131149031653,0.889261030494627,2.27169108195618,0.141714409872809,1.52445440718786,0.925496357968469,2.51104309550795,0.0977435712463616,CRC,978.0,False,False,0.25371630535295164,False,False,0.15164381294640156,False,False,0.07005655016630785,0,0,0.25371630535295164
CRC:CRC MSS,PIK3CA:p.E545K,True,2683,953,1692.0,COAD,READ+COADREAD,2534,949,149,42,0.868971347030963,0.431533349613751,1.74983278264977,0.69412849922097,0.99366332873688,0.442902041487794,2.22931194347106,0.987698059603479,0.840581464994111,0.553544253828924,1.27646018254941,0.415206490005095,0.948927651035383,0.590768807079108,1.52422347982728,0.828358569224036,1.33752787175448,0.879957030966196,2.0330320058421,0.173404389087446,1.44052341035423,0.91684498647654,2.26331356596417,0.113339151828452,CRC,991.0,False,False,0.13408829342419495,False,False,0.12123868605481924,False,False,0.07418348869208985,0,0,0.13408829342419495
CRC:CRC MSS,PTEN,True,3067,1091,1951.0,COAD,READ+COADREAD,2954,1081,113,35,1.46056607656286,0.205301700730816,10.3908211983265,0.705124612847214,0.0001460390223308,0.0,inf,0.989447005864383,1.7936466074246,1.05522208059774,3.04880670285386,0.0308849891613663,1.51239555380825,0.748538474310123,3.05574180844485,0.24897436683629,1.26147986238233,0.88400775825539,1.80013289287944,0.200411336676799,1.34189087309105,0.907809438088302,1.98353425260368,0.140243570066378,CRC,1116.0,False,False,-9.210460779977549,True,False,-0.1705559051993239,False,False,0.061794192880291726,1,0,9.210460779977549
CRC:CRC MSS,PTPRT,True,3067,1091,1951.0,COAD,READ+COADREAD,2895,1050,172,66,0.655297296620872,0.415554752400541,1.03335251125879,0.0689441706379183,0.592381532741758,0.334258196236662,1.04983478126896,0.0729102257808267,0.801916569913517,0.538814638126746,1.19349056168476,0.276552070754506,0.580810564923828,0.335193720468483,1.00640582364029,0.0527212146742572,0.561940594420827,0.233184361265762,1.35419558131576,0.199030812641102,0.692894175558484,0.287145195235139,1.6719845795425,0.41433004561771,CRC,1116.0,False,False,-0.10093811235203948,False,False,-0.32257992127502716,False,False,0.2094811422784119,0,0,0.32257992127502716
CRC:CRC MSS,SMAD2,True,3067,1091,1951.0,COAD,READ+COADREAD,2957,1078,110,38,0.35283848721583,0.0878379409604828,1.41732600627289,0.142005861100785,0.178657119596357,0.0250315956069834,1.27512312373576,0.0858723782994367,1.04928617023018,0.655237841794627,1.68030812143082,0.841280215787996,0.805072777457274,0.440077077108604,1.47279240550586,0.481679651151176,1.42104490506752,0.921387499143939,2.19166053814985,0.111927468071565,1.67894278620708,1.03418702362424,2.7256664558392,0.0360878005008968,CRC,1116.0,False,False,-0.6805419730505209,False,False,-0.26493269396965274,False,True,0.16677185175388154,0,1,0.6805419730505209
CRC:CRC MSS,SMAD3,True,3067,1091,1951.0,COAD,READ+COADREAD,2950,1075,117,41,1.14450343826459,0.593244162136162,2.20800844543131,0.687263240004877,1.1327243816263,0.537412634941771,2.38748485113252,0.743215678656201,0.965215651676189,0.641144825029866,1.45309018784842,0.865310645963083,0.743268537559927,0.427275156680836,1.29295633103971,0.293546666053699,1.40214102906758,0.810562884843132,2.42547432427179,0.22672997817087,1.27326874907635,0.681555839305902,2.37869476553162,0.448662198821599,CRC,1116.0,False,False,-0.010345176347656707,False,False,-0.26129414682742796,False,False,-0.09641296285640386,0,0,0.26129414682742796
CRC:CRC MSS,SMAD4,True,3067,1091,1951.0,COAD,READ+COADREAD,2635,951,432,165,1.71310886911418,1.15699672425442,2.53651711877478,0.0071839869824155,1.68431356913419,1.0632593290689,2.66812819940537,0.0263302462739922,1.27749020692309,0.967580825932467,1.68666139824715,0.0840793367605311,1.22349797998401,0.865682104143274,1.72921133503898,0.253123156047303,1.46481506972845,1.2042960186775,1.78169084280446,0.0001332035337369,1.51857975651474,1.19852927320124,1.92409524611516,0.0005409297728322,CRC,1116.0,True,True,-0.016951668536541287,False,False,-0.04318342436778044,True,True,0.0360465251139771,0,0,0.04318342436778044
CRC:CRC MSS,TCF7L2,True,3067,1091,1951.0,COAD,READ+COADREAD,2758,991,309,125,0.536796479059902,0.363122263466444,0.793535646039327,0.0018113269708828,0.51949812510065,0.324253584077108,0.83230630357169,0.0064644981902657,0.740470954924778,0.537377205024515,1.02032097744488,0.0662138372718959,0.853287033002788,0.580538503646216,1.2541782433339,0.419429233610627,1.08166185590719,0.659077603245816,1.77519667602513,0.756136494750173,1.16080752796024,0.654067403168043,2.06014565233267,0.610424223391277,CRC,1116.0,True,True,-0.03275582502075158,False,False,0.14180957979424272,False,False,0.07061729378056952,0,0,0.14180957979424272
CRC:CRC MSS,TP53,True,3067,1091,1951.0,COAD,READ+COADREAD,643,212,2424,904,1.07951247410873,0.870517528902384,1.33868318909755,0.485867914849357,1.21623852614937,0.946010709624711,1.56365687770788,0.126753417878577,0.842718838873952,0.714818342358037,0.993504222415925,0.0415937529518553,0.871150434795588,0.714062662536787,1.06279619403212,0.173940027104304,1.00148769424819,0.835713012886026,1.20014596669603,0.987153471170435,1.0169648363119,0.81959542669028,1.26186340798814,0.878547303913786,CRC,1116.0,False,False,0.11925339432428377,True,False,0.03318129907133155,False,False,0.015335951843408472,1,0,0.11925339432428377
CRC:CRC MSS,TP53:p.R175H,True,881,308,571.0,COAD,READ+COADREAD,643,212,238,98,0.804495189183904,0.411426904942114,1.57309233218743,0.524893103165007,1.10750771608197,0.486011027862975,2.5237561924766,0.808012329932911,0.611502386665729,0.408679060064172,0.914984899982802,0.0167531391209981,0.584939014227588,0.34203882773477,1.00033570057392,0.0501434794723001,0.862604804405674,0.595498768725408,1.24951903792577,0.43436660701196,0.878829966659631,0.568137060562642,1.35942920099966,0.561692339278725,CRC,310.0,False,False,0.31965248248064165,True,False,-0.04441126547499136,False,False,0.01863478557284401,1,0,0.31965248248064165
CRC:CRC MSS,TP53:p.R248Q,True,745,280,497.0,COAD,READ+COADREAD,643,212,102,36,1.32764460771259,0.585135686455722,3.01236148330818,0.497795845516088,1.50933248349013,0.548977744701195,4.14968469615909,0.424994272693125,1.12557062549893,0.708351335164828,1.78853228630007,0.616631489215685,1.29054694674387,0.738280953673153,2.25593172011757,0.370724267905865,1.41754665607998,0.876096425415172,2.29362712125128,0.155261899735535,1.47621767792325,0.854629135573958,2.54989976576164,0.162516180266707,CRC,248.0,False,False,0.1282610886091634,False,False,0.13677598851110168,False,False,0.040555523151972084,0,0,0.13677598851110168
CRC:CRC MSS,TP53:p.R273C,True,750,276,503.0,COAD,READ+COADREAD,643,212,107,35,0.919954337244304,0.509760442302671,1.66022294470646,0.781798181213861,1.20724581302973,0.631419042431426,2.30820161435994,0.568980953386869,0.9064528760215,0.55735592208821,1.47420487319701,0.692239097292642,0.96022253797199,0.541728489197345,1.70201003051454,0.889461561897945,0.841948758986748,0.452036333324726,1.56818746746646,0.587725325536243,0.893478852540645,0.449010383830113,1.77791981808464,0.74833896773764,CRC,247.0,False,False,0.27177282117818075,False,False,0.05762602367409887,False,False,0.059403510125721704,0,0,0.27177282117818075
CRC:CRC MSS,TP53:p.R273H,True,756,278,496.0,COAD,READ+COADREAD,643,212,113,48,1.68510334417815,0.88847431520752,3.19601054522005,0.110070873117456,2.48065322560972,1.18853462368287,5.17750202906154,0.0155186305328028,0.779719443065371,0.496223444356518,1.22517873109069,0.280516856602666,0.604736389347333,0.316354613667091,1.15600052852617,0.128148001286781,1.29446002589275,0.704786802615619,2.37749451666184,0.405374714686215,1.48070685527405,0.732033722692611,2.99507075055367,0.274791472942225,CRC,260.0,False,True,0.3866950291370813,False,False,-0.25414152361231934,False,False,0.13442593890058802,0,1,0.3866950291370813
CRC:CRC MSS,TP53:p.R282W,True,779,283,516.0,COAD,READ+COADREAD,643,212,136,51,1.54014072081951,0.83602577206006,2.83727310712145,0.165920312041442,1.69160863896506,0.857074368041426,3.33872986303436,0.12967957468369,0.840214554193367,0.561119460719254,1.25812869896447,0.398000922619472,0.957578179522892,0.608713492930973,1.5063835130107,0.851248449934382,0.971978715187553,0.499853368905552,1.89003952268281,0.933243825020672,1.26270749564383,0.502081551753863,3.17563992141411,0.620092374274314,CRC,263.0,False,False,0.0938061441753657,False,False,0.13075008647234332,False,False,0.2616795943647716,0,0,0.2616795943647716
HCC,ARID1A,True,752,468,175.0,HCC,IHCH+GBC+EHCH+GBAD,601,456,151,121,1.18426552756713,0.77204333491447,1.81658823586531,0.438476979424608,1.03170255230458,0.427645861693062,2.48899908026176,0.944623555921192,1.16821333878701,0.859473191248037,1.58785918957888,0.320767703442328,1.56921413263331,0.792002529541369,3.10912263813356,0.196516499345128,1.45467845476286,0.998352822528056,2.1195807323836,0.0510117867200967,2.03871715888416,0.735921939212992,5.64783767470447,0.170638252720287,HCC,577.0,False,False,-0.1379123734628695,False,False,0.29509942078108786,False,False,0.33753588345606034,0,0,0.33753588345606034
HCC,TERT,True,752,468,175.0,HCC,IHCH+GBC+EHCH+GBAD,611,546,141,31,0.910795709327601,0.430289430105708,1.9278856650645,0.807058850804821,1.11635797782153,0.386585711638987,3.22374856888032,0.838795813176761,1.09958151716838,0.803367565525872,1.50501409912768,0.553325552175121,1.44328891420503,0.877565777974375,2.37370570064318,0.148327499462367,1.00245817036346,0.708795063872335,1.41778975976257,0.988924349084248,1.26028509427472,0.734767323105981,2.16166188792523,0.400699529568462,HCC,577.0,False,False,0.2035082368679646,False,False,0.2719948090139033,False,False,0.22888280666182176,0,0,0.2719948090139033
HCC,TERT:NA,True,749,465,175.0,HCC,IHCH+GBC+EHCH+GBAD,611,546,138,28,0.862934067797446,0.384471069595109,1.93683026956919,0.720806353709978,1.11635797782153,0.386585711638987,3.22374856888032,0.838795813176761,1.08331376384122,0.789112688813987,1.48720040567547,0.620612641457598,1.44328891420503,0.877565777974375,2.37370570064318,0.148327499462367,0.977614893544881,0.688426815577528,1.38828247019837,0.899317851606058,1.26028509427472,0.734767323105981,2.16166188792523,0.400699529568462,HCC,574.0,False,False,0.2574885708425977,False,False,0.28689983413132814,False,False,0.25397741654300443,0,0,0.28689983413132814
HCC,TP53,True,752,468,175.0,HCC,IHCH+GBC+EHCH+GBAD,470,357,282,220,1.42436421844312,1.05592748440344,1.921356775676,0.02054066133594,1.97156387832613,1.00157253497781,3.88096117911866,0.0494708279181901,1.42265449653365,1.10401655272406,1.83325676731341,0.0064333534770061,1.51550170233705,0.919659872613113,2.49738569462701,0.10281973459672,1.65789246432646,1.20736945013582,2.27652556801174,0.0017798286880098,1.41414510304556,0.666842672771578,2.99891781693574,0.366266128634393,HCC,577.0,True,True,0.32510152302173245,True,False,0.06322205051589108,True,False,-0.1590220148869555,2,0,0.32510152302173245
LUAD:mKRAS:wEGFR,ATM,True,1200,528,1186.0,LUAD,LUNE,1034,13,166,1,1.09857448668852,0.543547294619003,2.22035122748406,0.793424330910333,1.10699472294876,0.547644243858273,2.2376521443975,0.777112678795962,0.68657013655862,0.443077001719209,1.06387501627279,0.0924000280723066,0.689886788516794,0.445145613547428,1.06918672561356,0.0967750382587699,0.978930313322586,0.709437547053023,1.35079481248578,0.896864626765071,0.964344009183413,0.696200233239075,1.33576422938168,0.827108581838813,LUAD,14.0,False,False,0.0076354685511465376,False,False,0.004819124109975426,False,False,-0.01501237155633316,0,0,0.01501237155633316
LUAD:mKRAS:wEGFR,FAT1,True,1200,528,1186.0,LUAD,LUNE,1094,12,106,2,1.48995963238265,0.831600349584856,2.66952714394371,0.180184244410958,1.53884151596713,0.857889421921533,2.76030121220052,0.148229601481358,0.8589021057139,0.556954081652215,1.32454874019655,0.491323812754748,0.886660615497156,0.575081770155265,1.36705263124849,0.586051960367287,1.21706211727966,0.665611520147114,2.22538245280051,0.523485439637904,1.22082889375699,0.66753140099894,2.23273869304358,0.517119067362813,LUAD,14.0,False,False,0.03228084374549578,False,False,0.0318073360475518,False,False,0.0030901951381626103,0,0,0.03228084374549578
LUAD:mKRAS:wEGFR,KEAP1,True,1200,528,1186.0,LUAD,LUNE,951,9,249,5,2.44053911755322,1.69305746849188,3.51803249160412,1.73509320958699e-06,2.49283316119766,1.72884059796342,3.59444194964366,9.98852834274406e-07,2.12173839836943,1.6846823098713,2.6721796772824,1.63802923251483e-10,2.16851832513086,1.72101950552035,2.73237561302743,5.2414940781357196e-11,1.90651611523852,1.31755947655474,2.75873974749795,0.0006197444519193,1.86850382787786,1.27690508726154,2.73419425580152,0.0012889954837984,LUAD,14.0,True,True,0.021200914680725158,True,True,0.021808382960681993,True,True,-0.020139534488708866,0,0,0.021808382960681993
LUAD:mKRAS:wEGFR,KRAS,True,2494,1123,2419.0,LUAD,LUNE,1294,61,1200,14,0.954239870472263,0.787369119334861,1.15647630576132,0.63292814290457,0.95641098687515,0.78827642255046,1.16040763068357,0.651412000693849,1.07112539232725,0.915090568659496,1.25376617941641,0.3923547487123,1.06664186515737,0.909457392084547,1.25099304091492,0.42768411787348,1.23463030111484,1.04118995198971,1.46400949943665,0.0153413493098606,1.24193120837592,1.04497134630018,1.47601475561896,0.0139223152555387,LUAD,75.0,False,False,0.0022726468616794115,False,False,-0.004194594830669696,True,True,0.005896020254891388,0,0,0.005896020254891388
LUAD:mKRAS:wEGFR,KRAS:p.G12,True,2325,1043,2252.0,LUAD,LUNE,1294,61,1031,12,0.926938007910917,0.753492204269263,1.14030917060797,0.472896985047028,0.928229331454566,0.753583622429619,1.14334981032986,0.483735636336284,1.0630393543283,0.899182314914278,1.2567558882188,0.474149169680522,1.05663950449948,0.891811089151212,1.2519322265117,0.524317924283036,1.21834232930928,1.01626649356594,1.46059920383516,0.0328144383812089,1.22854431548122,1.02272143574736,1.47578908815798,0.0277987250583311,LUAD,73.0,False,False,0.0013921372210491667,False,False,-0.0060385272505451,True,True,0.008338796821915295,0,0,0.008338796821915295
LUAD:mKRAS:wEGFR,PTPRD,True,1200,528,1186.0,LUAD,LUNE,1056,14,144,0,1.64836500103121,1.01312329734865,2.68191165254545,0.0441711109054382,1.66365337388481,1.02226645067677,2.70745708871301,0.0405017526709021,1.0012181673094,0.700219343987025,1.43160543500919,0.994675787367074,1.00473345850394,0.702393197446646,1.4372139797296,0.979373353091705,0.868356065807882,0.502718286305416,1.49993003550151,0.612740716824355,0.866281543211469,0.501352675064401,1.49683795346748,0.606949094368592,LUAD,14.0,True,True,0.009232123564039074,False,False,0.0035048649706328934,False,False,-0.0023918812490534846,0,0,0.009232123564039074
LUAD:mKRAS:wEGFR,PTPRT,True,1200,528,1186.0,LUAD,LUNE,1100,13,100,1,0.617434559918976,0.306214774179976,1.24496094874337,0.17778420796177,0.625600584167349,0.310240081722425,1.26152652080815,0.189945784928112,0.924765870333147,0.615130535172313,1.3902608731551,0.706916025682285,0.933687712173628,0.620699550434685,1.40450036294292,0.741877116381642,0.622513036153813,0.231971731217799,1.670559072638,0.346654267153181,0.626926935246854,0.233597234252197,1.6825429607342,0.35393019553511,LUAD,14.0,False,False,0.01313903595542204,False,False,0.009601434724636815,False,False,0.007065433403777133,0,0,0.01313903595542204
LUAD:mKRAS:wEGFR,RBM10,True,1200,528,1186.0,LUAD,LUNE,1002,10,198,4,0.572499507763686,0.282394262340837,1.16063153575718,0.121904131249748,0.568456764775293,0.280392287138744,1.15246783966955,0.11724976057852,1.02933371501463,0.737276219009457,1.4370840528253,0.865160558055303,1.03366026057097,0.74022037344377,1.44342627225027,0.845923449914476,1.08913771676001,0.77233366091431,1.53589183807544,0.626340732390618,1.05616904206651,0.742559261176568,1.50222763857557,0.761108116799579,LUAD,14.0,False,False,-0.007086616734763851,False,False,0.004194439684006526,False,False,-0.030738047438989974,0,0,0.030738047438989974
LUAD:mKRAS:wEGFR,SMARCA4,True,1200,528,1186.0,LUAD,LUNE,1086,14,114,0,2.53484961512183,1.69907176008296,3.78174878909739,5.18945328119805e-06,2.54919244375521,1.7083199053475,3.80396089453562,4.60172816113863e-06,2.77415065681747,1.94484197836773,3.95708852046675,1.79428861758137e-08,2.78321366953993,1.95055313640286,3.97132392127462,1.66613473044654e-08,2.60456556381472,1.59077096275891,4.26444908476596,0.0001416155892906,2.60489792351905,1.5905630719415,4.26609501481209,0.0001424679627926,LUAD,14.0,True,True,0.005642308430322984,True,True,0.0032616255565565133,True,True,0.0001275984391057028,0,0,0.005642308430322984
LUAD:mKRAS:wEGFR,STK11,True,1200,528,1186.0,LUAD,LUNE,867,9,333,5,1.37973641820379,0.947353750879744,2.0094632886079,0.093341229475023,1.37309556011258,0.937194651770019,2.01173941148733,0.103715995803715,1.82424882181195,1.45530085993789,2.28673249325526,1.8421465021177e-07,1.86365547790742,1.48607528720711,2.33717078147622,7.07128139810033e-08,1.83709929723662,1.37731727779384,2.45036774192885,3.49952544156178e-05,1.81304722906875,1.35269527380223,2.43006708051416,6.85058429002141e-05,LUAD,14.0,False,False,-0.004824755761208999,True,True,0.021371571916049104,True,True,-0.013178877128762645,0,0,0.021371571916049104
LUAD:mKRAS:wEGFR,TP53,True,1200,528,1186.0,LUAD,LUNE,768,9,432,5,0.999888426559193,0.734273393784414,1.36158667061898,0.999434869238166,1.00444838599211,0.737370329378805,1.36826302866311,0.977547478384759,1.02483257192877,0.804378976884867,1.30570518458051,0.842663656089813,1.02849282467841,0.806264730146916,1.31197291765723,0.821050556425811,0.856614062343686,0.626732292445348,1.17081513215459,0.331655252124784,0.84942755156962,0.618372107597317,1.16681712596814,0.313697032770419,LUAD,14.0,False,False,0.004550100832942074,False,False,0.003565198806483167,False,False,-0.008424827650455186,0,0,0.008424827650455186
LUAD:wKRAS:mEGFR,EGFR,True,2300,967,2235.0,LUAD,LUNE,1294,61,1006,4,0.597832816242987,0.486842137036492,0.734127243694667,9.12591738331822e-07,0.603646145775186,0.491173278282364,0.741873968762118,1.6018034482696e-06,0.729637323785858,0.605322275934487,0.879482955487675,0.0009413439776587,0.736958538886362,0.6106349692427,0.889414978495377,0.001465074308324,0.728759188284186,0.587953954369531,0.903284943594128,0.0038702485030098,0.750076442911847,0.604178782127944,0.931205608097882,0.0091660902815154,LUAD,65.0,True,True,0.009677031528049662,True,True,0.00998404005122544,True,True,0.028831779353527875,0,0,0.028831779353527875
LUAD:wKRAS:mEGFR,EGFR:p.E746_A750del,True,1563,696,1500.0,LUAD,LUNE,1294,61,269,2,0.463517239599461,0.311460709107105,0.68980845777251,0.0001502701954079,0.466289430508986,0.31314434345151,0.694331025136537,0.0001727726319076,0.760987527982931,0.551670630086092,1.04972421253457,0.0960569108520823,0.766075066600909,0.554704202283306,1.05798911429168,0.105717239187386,0.745815675136341,0.517940249687039,1.0739482432871,0.114916471329742,0.811162613444873,0.563197899572329,1.16830120629066,0.260876830773652,LUAD,63.0,True,True,0.0059629581349409655,False,False,0.006663194369531333,False,False,0.08399005840662666,0,0,0.08399005840662666
LUAD:wKRAS:mEGFR,EGFR:p.L858R,True,1618,709,1556.0,LUAD,LUNE,1294,61,324,1,0.652350102293945,0.474323997869801,0.897194023229104,0.0086105729393515,0.661951381264598,0.480979890143117,0.911014452241917,0.0113441752396755,0.597750153820083,0.436079964087758,0.81935717257587,0.0013825871425562,0.605609278145891,0.441456754471255,0.830800738830394,0.0018764963799464,0.621392245141257,0.425886153813859,0.906646808927382,0.0135719844287363,0.620305272396913,0.422252398065445,0.911252683765155,0.0149511250086153,LUAD,62.0,True,True,0.014610726521383233,True,True,0.013062158920044142,True,True,-0.0017507855281093665,0,0,0.014610726521383233
LUAD:wKRAS:mEGFR,EGFR:p.T790M,True,1402,650,1340.0,LUAD,LUNE,1294,61,108,1,0.867223056732479,0.627885374164268,1.1977916050831,0.387255106080521,0.87115211272122,0.627947258293934,1.20855054859306,0.408881854406232,0.560005470301941,0.288580960220116,1.08671800983992,0.0865087454567322,0.56598321694987,0.291424551269686,1.09921075789006,0.0928291029039067,1.42508548167029,0.530189818368251,3.83045573435904,0.482567107337783,1.42277438969643,0.528993074478084,3.82667951933632,0.484856681483066,LUAD,62.0,False,False,0.0045203851829778985,False,False,0.01061787365371325,False,False,-0.0016230380605659622,0,0,0.01061787365371325
LUAD:wKRAS:mEGFR,RBM10,True,1006,372,1002.0,LUAD,LUNE,883,3,123,1,0.887087521070991,0.415628730577438,1.89333463292249,0.756761982883006,0.911501896964849,0.427009577635742,1.9457074306639,0.810714201336025,0.537507757631471,0.251790233721344,1.14744160344898,0.108603362529242,0.545569591192922,0.255557240111299,1.16469476155237,0.117360432531719,1.11744509658387,0.706843852578547,1.7665620763683,0.634633547338476,1.10845976824098,0.701285471884356,1.75204407772399,0.659330989347842,LUAD,4.0,False,False,0.02715002694043407,False,False,0.014887177658539863,False,False,-0.008073460183053272,0,0,0.02715002694043407
LUAD:wKRAS:mEGFR,TP53,True,1006,372,1002.0,LUAD,LUNE,392,1,614,3,1.8125764061888,1.27305620319821,2.58074484065868,0.0009697568532921,1.78612448738977,1.25507852670781,2.54186540249532,0.0012731082517505,1.85366904204284,1.37613852253498,2.49690627880864,4.89249750127037e-05,1.81880386564885,1.35054000319763,2.4494257807002,8.19717057099598e-05,2.13579992242575,1.63512260009641,2.78978549276053,2.57911921725321e-08,2.08870878588294,1.59765391765326,2.73069426614796,7.18893254227777e-08,LUAD,4.0,True,True,-0.014701080185602011,True,True,-0.018987872633114744,True,True,-0.02229517817593063,0,0,0.02229517817593063
LUAD:wKRAS:wEGFR,ARID1A,True,1294,595,1233.0,LUAD,LUNE,1175,55,119,6,0.794256383800228,0.446239777341898,1.4136866214956,0.433589303939981,0.808869026608401,0.454256264585657,1.44030837484036,0.471181661741396,0.976247192603541,0.680656117346399,1.40020570854763,0.896060050669036,1.1029333598429,0.765834191989549,1.58841431863223,0.598585590198669,0.903329625512688,0.481149843985238,1.69594653833854,0.751744689876647,1.11179920919052,0.59291270853273,2.08478830655461,0.741100379327995,LUAD,61.0,False,False,0.018230697898661663,False,False,0.12201277478589204,False,False,0.20764737063286975,0,0,0.20764737063286975
LUAD:wKRAS:wEGFR,BRAF,True,1294,595,1233.0,LUAD,LUNE,1125,55,169,6,1.14769842168609,0.732895398487648,1.79727102920669,0.547176674907593,1.15244292585295,0.735628929262357,1.80542749818211,0.535608139992744,1.33451796984362,0.982763885355297,1.8121730340057,0.0645175529095464,1.35275467202768,0.989035728803794,1.85023164421571,0.0586290127800427,1.25200649075247,0.777943747696524,2.01495321162708,0.354597594926428,1.14443313846313,0.691320538110118,1.89452957956811,0.599878978420983,LUAD,61.0,False,False,0.004125408119656976,False,False,0.013572855888524249,False,False,-0.08983801813377892,0,0,0.08983801813377892
LUAD:wKRAS:wEGFR,CDKN2A,True,1294,595,1233.0,LUAD,LUNE,1188,57,106,4,3.09471639542655,0.432255103437849,22.1565216742407,0.260659234903122,3.08969023527421,0.431423163182175,22.1271979917262,0.26141874612316,0.612798034333175,0.27292836103504,1.37589743132042,0.235346260739749,0.616024167064358,0.274139155135898,1.38428154934385,0.240883933275215,1.09842659321987,0.79577898215893,1.51617598320993,0.568086804915468,1.09790853702898,0.79175505466113,1.52244453456256,0.575469642469378,LUAD,61.0,False,False,-0.0016254303958580518,False,False,0.005250784270902975,False,False,-0.00047174604035842005,0,0,0.005250784270902975
LUAD:wKRAS:wEGFR,EPHA3,True,1294,595,1233.0,LUAD,LUNE,1183,57,111,4,0.988441497892267,0.565885370589297,1.72652739500594,0.967411767913807,0.96889641463119,0.553854642561596,1.69495782854392,0.911825139501145,0.792888367761552,0.49600907720149,1.26746060229095,0.332217769064623,0.749507665703375,0.462615167942925,1.21431760105503,0.241514289882853,0.751652529016216,0.43878626800579,1.28760074225709,0.298563913570251,0.775431326015803,0.443614267087701,1.35544274830041,0.372067445518566,LUAD,61.0,False,False,-0.019971751219204054,False,False,-0.05626589442531729,False,False,0.031145269547172005,0,0,0.05626589442531729
LUAD:wKRAS:wEGFR,ERBB2,True,1294,595,1233.0,LUAD,LUNE,1171,59,123,2,0.765762117804532,0.465404984621982,1.2599599068342,0.293514420371446,0.768528225796899,0.466845545967972,1.26516283372028,0.300584795909785,1.18960179521911,0.837624572113348,1.68948294773405,0.332037311762495,1.21164192276231,0.847970351798351,1.73128240377944,0.291743134022262,1.40065145511172,0.769160886059415,2.55060356586441,0.270567101301173,1.41438243969275,0.776053431979909,2.57775766883406,0.257600160615804,LUAD,61.0,False,False,0.0036057203915805802,False,False,0.018357775472326726,False,False,0.009755543977698122,0,0,0.018357775472326726
LUAD:wKRAS:wEGFR,FAT1,True,1294,595,1233.0,LUAD,LUNE,1154,49,140,12,1.03050989719332,0.642078929346368,1.65392539713841,0.900913462998414,1.18564218981077,0.738726491940021,1.90293351815169,0.480537233725871,1.14699839509126,0.810327532791816,1.62354759662341,0.439155575107836,1.16222300737106,0.812171995733229,1.66314810897064,0.410975509148409,0.73535045970127,0.375979657115965,1.43821690442174,0.36909063359725,0.734920250080773,0.361044441997326,1.49595925363334,0.395709297425979,LUAD,61.0,False,False,0.14023083455901952,False,False,0.013186117935312325,False,False,-0.0005852114578799861,0,0,0.14023083455901952
LUAD:wKRAS:wEGFR,KEAP1,True,1294,595,1233.0,LUAD,LUNE,1019,42,275,19,1.27686261535351,0.837239729298369,1.94732533757529,0.256376063001579,1.41639301737712,0.925969809879492,2.16656003065126,0.108430983830956,1.31492394943305,1.02387651494543,1.68870461188845,0.0319674475314928,1.30340086838917,1.00860143522776,1.68436585987408,0.042823179715859,1.38798883801624,0.991962024849585,1.9421237569551,0.0557638172624935,1.3956166250223,0.975115423563036,1.99745149853301,0.0684232324526882,LUAD,61.0,False,False,0.10370752404723049,True,True,-0.008801929661475028,False,False,0.005480522437368185,0,0,0.10370752404723049
LUAD:wKRAS:wEGFR,MET,True,1294,595,1233.0,LUAD,LUNE,1144,56,150,5,0.403468106671968,0.199856183534499,0.814518271201566,0.011329979071222,0.412222289231913,0.204137405417127,0.832415869068068,0.013454174586701,0.622303544819746,0.392236430412166,0.987317015628259,0.0439922169484656,0.647474387951565,0.402612354558929,1.04125737401308,0.0729439671544385,0.925030093898537,0.643510095773782,1.32970823649477,0.673831614175903,0.943569335335652,0.655785624663672,1.35764349979824,0.754354351025873,LUAD,61.0,True,True,0.021465297941566264,True,False,0.03965124962556049,False,False,0.019843578553148257,1,0,0.03965124962556049
LUAD:wKRAS:wEGFR,NF1,True,1280,591,1220.0,LUAD,LUNE,1090,49,190,11,0.638405122750516,0.339635713646898,1.199994830867,0.163392108202681,0.578630476108933,0.286391819340132,1.16907399329173,0.127350724483946,0.833520840325026,0.597636052317617,1.1625085008876,0.283351263785223,0.886327823764929,0.632506127091308,1.242006958561,0.483320732599245,0.894741676416672,0.610125639922722,1.31212756051084,0.569117697150129,0.826434977238446,0.551397249083463,1.23866191341794,0.35584061834166,LUAD,60.0,False,False,-0.09830900715198976,False,False,0.061428181152121925,False,False,-0.07941380517277528,0,0,0.09830900715198976
LUAD:wKRAS:wEGFR,PTPRD,True,1294,595,1233.0,LUAD,LUNE,1133,49,161,12,0.768592427632413,0.421142501077742,1.40269461833499,0.391179087671249,0.868191644056665,0.474511092197519,1.58849127703016,0.646552425993958,0.932477690774753,0.659131413834391,1.31918252649249,0.692870807032647,1.01972756194012,0.716865824546169,1.45054243761536,0.913479243792023,0.554254580016524,0.328097364168239,0.936301759839103,0.0273840265417397,0.59097940016252,0.336988724699395,1.03640456139297,0.0664759734454174,LUAD,61.0,False,False,0.12185165244838453,False,False,0.08944554733501037,True,False,0.0641570489865092,1,0,0.12185165244838453
LUAD:wKRAS:wEGFR,PTPRT,True,1294,595,1233.0,LUAD,LUNE,1152,57,142,4,0.61073655018626,0.341327164519201,1.09279064928462,0.0967038612234473,0.55684365727328,0.30345864682081,1.0218026801806,0.0587144406928676,0.863165906388881,0.602212005938631,1.23719782170544,0.423055098992029,0.887567125470173,0.61509592719277,1.28073584523751,0.523813257798809,0.724992637753913,0.385566331958156,1.36322671673112,0.318181943517331,0.649447494036384,0.333926252022987,1.26309939681264,0.203453798299757,LUAD,61.0,False,False,-0.09238117469066426,False,False,0.0278772364272582,False,False,-0.11003950772868043,0,0,0.11003950772868043
LUAD:wKRAS:wEGFR,RBM10,True,1294,595,1233.0,LUAD,LUNE,1173,57,121,4,0.647483612984548,0.240543108173114,1.74286859543616,0.389591737058321,0.650417211623074,0.241541174313627,1.75143037363161,0.394722898242663,1.06625124792039,0.716855886443762,1.58594181228222,0.751489434226028,1.11075154780751,0.746338998083725,1.65309464482569,0.60462440697469,1.0562635212592,0.697230676152347,1.60017719314908,0.796190009772958,0.995005836964357,0.645053780236917,1.53481251629828,0.981936718483331,LUAD,61.0,False,False,0.00452053589710133,False,False,0.04088786610693658,False,False,-0.05974437634436877,0,0,0.05974437634436877
LUAD:wKRAS:wEGFR,SETD2,True,1294,595,1233.0,LUAD,LUNE,1192,57,102,4,0.684758121020355,0.305678830036573,1.53394228919035,0.357436864990546,0.683403244208418,0.304981139000886,1.53137336861095,0.355109467579348,0.740106388684414,0.466957229597381,1.17303562693262,0.200269341948767,0.727829627091734,0.453478408715765,1.16816138517529,0.188150947163231,0.884667249114716,0.544851077085598,1.43642212445006,0.620228537318875,0.94091831002125,0.570810314296374,1.55100082104257,0.811248770973075,LUAD,61.0,False,False,-0.0019805810765728404,False,False,-0.016726952269421336,False,False,0.061644739332167714,0,0,0.061644739332167714
LUAD:wKRAS:wEGFR,SMARCA4,True,1294,595,1233.0,LUAD,LUNE,1139,56,155,5,1.15207907377521,0.697514670879496,1.90287924776862,0.580299966230016,1.0479317365545,0.612711482027479,1.79229695654518,0.86423803023577,1.53441905272847,1.13030658116638,2.0830116966554,0.0060440095376145,1.58856021841964,1.16850211811106,2.15962258727,0.0031389246676527,1.82993949651948,1.21707735048735,2.75140980939386,0.0036833336096388,1.75897929824728,1.15025931890106,2.68983534479726,0.0091626054026837,LUAD,61.0,False,False,-0.09474975344604786,True,True,0.034676240867522135,True,True,-0.039549207655848906,0,0,0.09474975344604786
LUAD:wKRAS:wEGFR,STK11,True,1294,595,1233.0,LUAD,LUNE,1018,39,276,22,0.973536416560868,0.589313204095078,1.60826729790576,0.916599178218761,1.11002854083744,0.670385581653068,1.837992038008,0.684959196588856,1.229199066684,0.952464667381228,1.58633742256401,0.112801172574852,1.24085236420545,0.955406871829884,1.61157998246889,0.105674612764115,1.58072729091151,1.19285908603902,2.09471411793455,0.0014341179790254,1.49472086735977,1.10665609708694,2.01886609327127,0.0087737831396174,LUAD,61.0,False,False,0.13120577445997741,False,False,0.009435741974016615,True,True,-0.055945573218012135,0,0,0.13120577445997741
LUAD:wKRAS:wEGFR,TP53,True,1294,595,1233.0,LUAD,LUNE,505,7,789,54,1.56849474473754,1.19627347160308,2.0565329104661,0.0011278110549184,1.60208827150353,1.21928530520901,2.10507484894948,0.0007165860232723,1.41099844273673,1.13454537071959,1.75481444531632,0.0019712365699547,1.38615585876934,1.10967116006559,1.73152924393113,0.004017755722071,1.49992578009783,1.1702829165845,1.92242176137042,0.0013655457876851,1.52780074438628,1.18332093247912,1.97256302198344,0.0011492836090178,LUAD,61.0,True,True,0.021191549800926357,True,True,-0.017763222550803204,True,True,0.01841365240336057,0,0,0.021191549800926357
MEL,ALK,True,1137,407,659.0,SKCM,MUP+CSCC+UM+ARMM+HNMUCM+VMM+URMM+ESMM,981,427,156,51,0.616462243226017,0.325345328714035,1.16806870664272,0.137929527143276,0.562623559126885,0.228952063903126,1.38258316561208,0.209925504652224,0.918693481069861,0.621930303390727,1.35706156712229,0.670075542572694,0.549310597265809,0.30823099870298,0.978948040716979,0.0421399687671754,1.69349992016271,0.691461342028347,4.14765339039523,0.24904356828143,3.13716003866373,0.979871319164988,10.0439444605598,0.0541399757145563,MEL,478.0,False,False,-0.09138630634878409,False,True,-0.5142884989595676,False,False,0.6165205982440751,0,1,0.6165205982440751
MEL,APC,True,1137,407,659.0,SKCM,MUP+CSCC+UM+ARMM+HNMUCM+VMM+URMM+ESMM,1003,435,134,43,0.78080823537465,0.289549223528335,2.10555391238759,0.624944922620459,0.66460693452534,0.163278875478971,2.70520222608991,0.568372239261513,0.77686521885262,0.50318321040757,1.19940323083135,0.254524371798998,0.570390311430697,0.306064270330348,1.06299604008939,0.0771238626116413,0.905826999399786,0.476851122445896,1.7207101215007,0.762559927741096,1.16952286766686,0.564166091051564,2.42443450553055,0.673742844029644,MEL,478.0,False,False,-0.16113379239820458,False,False,-0.3089459884254483,False,False,0.2555028012837537,0,0,0.3089459884254483
MEL,ARID1A,True,1137,407,659.0,SKCM,MUP+CSCC+UM+ARMM+HNMUCM+VMM+URMM+ESMM,1006,436,131,42,1.47027708680672,0.793225308182084,2.72522156024382,0.220866142550012,1.68291826177935,0.678140954566708,4.17643833005196,0.261675410903329,0.684109137970099,0.438222021423068,1.06796393101015,0.0947985234335558,0.597271305777365,0.341033239078345,1.04603590450328,0.0714589132531079,0.290232008526998,0.0405796598432821,2.07578425001413,0.21780328136951,2.91785880216749e-07,0.0,inf,0.990596883259513,MEL,478.0,False,False,0.13507846959908743,False,False,-0.13574600462983538,False,False,-13.81017094414232,0,0,13.81017094414232
MEL,ARID1B,True,1137,407,659.0,SKCM,MUP+CSCC+UM+ARMM+HNMUCM+VMM+URMM+ESMM,1038,440,99,38,1.09868269153927,0.449386143719093,2.68611676964059,0.836533061329594,1.52418867033909,0.480230412766512,4.83757596568456,0.4744696847532,0.656289454246114,0.381612616251456,1.12867297728661,0.127905973853716,0.152366068703584,0.0376517940267479,0.616582011356301,0.0083407539744349,1.43610259689372,0.705177363450221,2.92464105585327,0.318580040904157,1.44677416002464,0.670238272777756,3.12300200560028,0.346820989576401,MEL,478.0,False,False,0.3273503400185958,False,True,-1.4603159606934004,False,False,0.007403446469598118,0,1,1.4603159606934004
MEL,ARID2,True,1137,407,659.0,SKCM,MUP+CSCC+UM+ARMM+HNMUCM+VMM+URMM+ESMM,961,408,176,70,1.24294963909356,0.678223568097738,2.27789755177038,0.48162988433864,2.09689589003505,0.847200376660248,5.19000285502612,0.109297976321419,0.921292764485757,0.646688559472474,1.31250251061529,0.649836429749216,0.862401528663125,0.528929191337369,1.4061171302722,0.552846996017825,0.348911717905539,0.143206986488367,0.850093908663345,0.0204814646009908,0.357225902223005,0.113055124152197,1.12874446139433,0.07949056914909,MEL,478.0,False,False,0.5229708074939012,False,False,-0.06605688977039867,True,False,0.023549428082744184,1,0,0.5229708074939012
MEL,ATM,True,1137,407,659.0,SKCM,MUP+CSCC+UM+ARMM+HNMUCM+VMM+URMM+ESMM,1022,432,115,46,0.681170911104566,0.253188746909222,1.83260044452681,0.44703882595197,0.326172771352504,0.0455176996691213,2.33730345657045,0.264849505309334,1.20310411934065,0.780857266916885,1.85368003001311,0.401814256677011,1.16310444265832,0.623890919502484,2.16834690527362,0.634475973404776,0.650671632442971,0.355505783921101,1.19090488091739,0.163481223959747,0.738931206782123,0.344505728593099,1.58493541046859,0.437109392786963,MEL,478.0,False,False,-0.7363860309922818,False,False,-0.03381230896449608,False,False,0.12719971690624815,0,0,0.7363860309922818
MEL,ATRX,True,1137,407,659.0,SKCM,MUP+CSCC+UM+ARMM+HNMUCM+VMM+URMM+ESMM,1017,428,120,50,1.17690893044887,0.479256781474877,2.8901304772521,0.722317969032788,3.84810931004268e-07,0.0,inf,0.991067481879665,1.10534718261591,0.701779111773253,1.74099281899359,0.665656507774496,1.20809643226245,0.598838558353394,2.43721278345601,0.597531016450419,1.38586924207304,0.852610596811504,2.25265034625028,0.187964152656273,1.17293382733154,0.591385573336605,2.32635665347143,0.648008192618975,MEL,478.0,False,False,-14.933405162567151,False,False,0.08888644632416022,False,False,-0.1668193994856256,0,0,14.933405162567151
MEL,BRAF,True,1137,407,659.0,SKCM,MUP+CSCC+UM+ARMM+HNMUCM+VMM+URMM+ESMM,765,395,372,83,0.668978277879598,0.436534916886731,1.02519161460542,0.064930882352645,0.736213558133887,0.434766013975787,1.24667151009265,0.254478013701641,0.837986173851082,0.62031374798927,1.13204137396891,0.249407629894628,1.04150145166747,0.711824922039596,1.52386526551695,0.834127987758445,0.82122386912497,0.581084816613362,1.160602762177,0.264409420485693,1.00361254188265,0.662271694643466,1.52088356239716,0.986434617410527,MEL,478.0,False,False,0.09576864708459726,False,False,0.21741705316225418,False,False,0.20056556043249393,0,0,0.21741705316225418
MEL,BRAF:p.V600E,True,975,360,537.0,SKCM,MUP+CSCC+UM+ARMM+VMM+HNMUCM+URMM+ESMM,765,395,210,43,0.785598804010982,0.446768962835969,1.38139739373542,0.402044682926209,1.01470136995132,0.534742096763089,1.92544943892317,0.964382337264597,0.86801406942452,0.600497471501631,1.25470707284547,0.451473969468866,1.00176401080334,0.618465727913523,1.62261397527451,0.994285117583084,0.685106161175194,0.423212140745426,1.10906660487926,0.123862387193967,0.864291212187374,0.49500485907814,1.50907468030814,0.60803237902913,MEL,438.0,False,False,0.25590339673908785,False,False,0.1433098122023041,False,False,0.232335957085978,0,0,0.25590339673908785
MEL,BRCA2,True,1137,407,659.0,SKCM,MUP+CSCC+UM+ARMM+HNMUCM+VMM+URMM+ESMM,1015,434,122,44,1.78501611912553,0.969268660779161,3.28730585695057,0.0629168434062232,1.46569187232102,0.594628784943723,3.61276264954314,0.406183349855331,0.805727266318672,0.511851941309551,1.26832854443888,0.350751203158727,0.811625261577653,0.454367673117837,1.44978528228208,0.48072029792225,1.39823422010414,0.685576689125915,2.85169983939048,0.356612181619169,1.40206363077659,0.510826263181796,3.84824071593757,0.51181376946637,MEL,478.0,False,False,-0.19710004673164333,False,False,0.007293427131187441,False,False,0.0027350041055979046,0,0,0.19710004673164333
MEL,CARD11,True,1137,407,659.0,SKCM,MUP+CSCC+UM+ARMM+HNMUCM+VMM+URMM+ESMM,993,437,144,41,0.802218986237931,0.472691655132413,1.36146956455226,0.414164201776626,0.640515086814019,0.297591728472763,1.37859872161709,0.25468725696827,0.54015473392456,0.328732989810869,0.887550521622353,0.0150670354999749,0.466709255121674,0.257181865629448,0.846939687147552,0.0121986783702112,0.57100512835901,0.180896569763515,1.80239380458418,0.339343159911684,0.293437548144771,0.0404843997928442,2.12688332053361,0.225043813729361,MEL,478.0,False,False,-0.22510894496294387,True,True,-0.1461491590708559,False,False,-0.6657333575057629,0,0,0.6657333575057629
MEL,CBL,True,1137,407,659.0,SKCM,MUP+CSCC+UM+ARMM+HNMUCM+VMM+URMM+ESMM,1029,441,108,37,2.69364198417446,0.988315964586081,7.34148531329866,0.0527466056374836,4.01235468542142,0.975089768078807,16.5102646429596,0.0542277092211016,0.593742976586814,0.356330203887154,0.989337188934489,0.0453800613611819,0.525802317788145,0.265087710297394,1.04293057222918,0.0658169645397632,1.08620699291159,0.592087984122187,1.99268632887262,0.78939361552979,1.25606732359607,0.578374684037737,2.72782534393025,0.564489047457798,MEL,478.0,False,False,0.39848409694542886,True,False,-0.12152120596897464,False,False,0.14529386364135383,1,0,0.39848409694542886
MEL,CDKN2A,True,1137,407,659.0,SKCM,MUP+CSCC+UM+ARMM+HNMUCM+VMM+URMM+ESMM,923,395,214,83,2.02308501639261,0.749311062445958,5.46218144730443,0.164389945683752,2.42817944670193,0.763490859510676,7.72249641490729,0.132883382767579,1.15166343178132,0.540913959147103,2.4520141099587,0.714193019100285,1.1620681624516,0.426478154968302,3.16640465274006,0.768998111960111,1.13929803580691,0.855558974005815,1.5171368121079,0.372161987833119,0.992781034941985,0.66819947974341,1.47502985742964,0.971389124012452,MEL,478.0,False,False,0.1825181954621935,False,False,0.008993956631585337,False,False,-0.137657462556342,0,0,0.1825181954621935
MEL,CREBBP,True,1137,407,659.0,SKCM,MUP+CSCC+UM+ARMM+HNMUCM+VMM+URMM+ESMM,1027,434,110,44,0.933263446462245,0.439560284740687,1.98148170055084,0.857313114555296,1.25218935895814e-07,0.0,inf,0.99247852714963,0.916252211692942,0.593947785598915,1.41345440758849,0.692514468316845,1.12157948270304,0.671086562373878,1.87448327317213,0.661488489754446,1.38025064204507,0.513477029531255,3.71017927833102,0.522970864202464,4.148039778398,0.573514309170854,30.0014031525171,0.158767027326914,MEL,478.0,False,False,-15.824134391461618,False,False,0.20220155617946461,False,False,1.1003707727513332,0,0,15.824134391461618
MEL,EPHA3,True,1137,407,659.0,SKCM,MUP+CSCC+UM+ARMM+HNMUCM+VMM+URMM+ESMM,1002,437,135,41,1.9998162658944,1.01323534798141,3.94702484995538,0.045731062012408,2.13977880556547,0.921842878437607,4.96684786946268,0.0766356677984065,0.943208994426912,0.643344256139435,1.38284161034774,0.764552758117271,0.989917803085811,0.609530888881259,1.60769088940649,0.967330732218824,0.890669255224145,0.419544084742051,1.89084234780542,0.763075555942586,0.806963911139009,0.298533532223927,2.1812985262651,0.672488908128461,MEL,478.0,True,False,0.06764715251914877,False,False,0.04833402724191493,False,False,-0.09869420480692732,1,0,0.09869420480692732
MEL,EPHA7,True,1137,407,659.0,SKCM,MUP+CSCC+UM+ARMM+HNMUCM+VMM+URMM+ESMM,948,423,189,55,1.05022970545863,0.58231746698288,1.8941256217893,0.870616293239632,0.956152541989704,0.386927519886227,2.36278795527957,0.922615319338055,0.847077703748074,0.559563954222807,1.28232104797337,0.432746272958023,0.791697129754814,0.476830517435688,1.31448034960671,0.366563355654224,0.54999030122849,0.313458747523881,0.965005232219143,0.0371471887628997,0.688559314177842,0.358687456406863,1.32180236769492,0.262086992717609,MEL,478.0,False,False,-0.0938467232556369,False,False,-0.06761352365590942,True,False,0.22470082037589273,1,0,0.22470082037589273
MEL,ERBB4,True,1137,407,659.0,SKCM,MUP+CSCC+UM+ARMM+HNMUCM+VMM+URMM+ESMM,922,413,215,65,1.04592344435763,0.553013019468794,1.97817377339101,0.890167341930872,0.578641935733349,0.18326851309954,1.82697226122733,0.351026236632568,0.905038853483696,0.656294700136662,1.24806024815456,0.542839974611606,0.845132656092702,0.561284709351006,1.27252567991771,0.420357017588151,1.05014587125934,0.51629755262278,2.13598988668609,0.892557215084871,1.25720668487215,0.582990855119203,2.71113797859497,0.559368547123743,MEL,478.0,False,False,-0.5919715851448766,False,False,-0.06848427031011912,False,False,0.17996326366824045,0,0,0.5919715851448766
MEL,FAT1,True,1137,407,659.0,SKCM,MUP+CSCC+UM+ARMM+HNMUCM+VMM+URMM+ESMM,938,398,199,80,0.718862155644573,0.354199645613804,1.45895910743346,0.360702988926425,0.532685664617085,0.169309347989436,1.6759500916999,0.281491876790873,0.903490694516299,0.65134926223295,1.25323767509788,0.543256273267927,0.760983725965702,0.483163010054736,1.19855249498309,0.238590201111804,0.215768428209946,0.0535035259539606,0.870148532869624,0.0311256858399869,0.358807708519331,0.087857428757906,1.4653623889637,0.153372893683203,MEL,478.0,False,False,-0.2997381198127908,False,False,-0.17165383803778644,True,False,0.5085808731592034,1,0,0.5085808731592034
MEL,FGFR2,True,1137,407,659.0,SKCM,MUP+CSCC+UM+ARMM+HNMUCM+VMM+URMM+ESMM,1024,444,113,34,1.10757520810781,0.62920773925508,1.94963088513084,0.723232387379792,0.736502822757373,0.321905526624146,1.68507951266995,0.468904397498345,0.907809272291592,0.538161021747084,1.53135890849764,0.71693998708736,0.989135780028762,0.51637754697294,1.89471753190767,0.973723404765899,0.923836708045588,0.409814338305686,2.08258760945522,0.84850872660921,0.801352834400255,0.251805157045687,2.55025104622781,0.707708914954153,MEL,478.0,False,False,-0.4080153390518717,False,False,0.08579730842559864,False,False,-0.14223399066506123,0,0,0.4080153390518717
MEL,FLT3,True,1137,407,659.0,SKCM,MUP+CSCC+UM+ARMM+HNMUCM+VMM+URMM+ESMM,1001,438,136,40,0.795003142195909,0.422609058274101,1.49554294619837,0.476737208755081,0.488166047926941,0.180655183793196,1.31912124161025,0.157397063835589,1.1800712080309,0.779140767650015,1.78731252918989,0.434381020064028,1.14851508205784,0.688274045289537,1.91651407276214,0.596090551678733,0.643283799573513,0.264452444957584,1.56479569270047,0.330691801176627,0.301706003819975,0.0421662653074677,2.15875207532069,0.232669419925886,MEL,478.0,False,False,-0.48769045697172253,False,False,-0.02710490742339544,False,False,-0.757132948851146,0,0,0.757132948851146
MEL,FLT4,True,1137,407,659.0,SKCM,MUP+CSCC+UM+ARMM+HNMUCM+VMM+URMM+ESMM,1025,450,112,28,0.685728540152831,0.350014033689457,1.34344222094057,0.27153760608209,0.995707346287109,0.46086064579749,2.15126444076063,0.991267336352496,0.765923943591293,0.457521473076459,1.28221192203672,0.310401622951555,0.898784257647316,0.499487778343572,1.61728309844447,0.721819593326042,1.23624833175571,0.60800957296741,2.51362808369908,0.558046814068045,0.769732790041529,0.282457801536329,2.09761799759994,0.608889437631582,MEL,478.0,False,False,0.3729715500318984,False,False,0.15996015084147774,False,False,-0.4737931047965389,0,0,0.4737931047965389
MEL,GRIN2A,True,1137,407,659.0,SKCM,MUP+CSCC+UM+ARMM+HNMUCM+VMM+URMM+ESMM,848,393,289,85,0.900322765616604,0.54108042290545,1.49807874758236,0.686083989068273,0.922144630588408,0.481702892221211,1.76530125406124,0.806737140705195,0.806503806093263,0.588493855985107,1.10527643173794,0.181079032226758,0.871466174349408,0.584409246485853,1.29952306128267,0.49977931913744,1.28149192670142,0.758384931668866,2.1654195509754,0.35409892584196,1.16701522734532,0.598804466379626,2.27440611639062,0.65007167143757,MEL,478.0,False,False,0.023948749906946468,False,False,0.07746843424126199,False,False,-0.09357556541881826,0,0,0.09357556541881826
MEL,IKZF1,True,1137,407,659.0,SKCM,MUP+CSCC+UM+ARMM+HNMUCM+VMM+URMM+ESMM,1014,450,123,28,0.460068872429189,0.146426301507555,1.44552833199399,0.183800679793759,0.409783126616035,0.100234316494743,1.67529661229367,0.214326882934831,0.602622418099923,0.383233409428215,0.947604696935021,0.0283076834943216,0.620440477208471,0.360713945695232,1.06717910508488,0.0845285134640603,0.312516058211714,0.0436789975337324,2.23600110246947,0.246670407353943,0.445756720667036,0.0618704606844073,3.21153344943343,0.422587621645021,MEL,478.0,False,False,-0.1157481406711175,True,False,0.029138844607330017,False,False,0.35511747970740026,1,0,0.35511747970740026
MEL,IL7R,True,1137,407,659.0,SKCM,MUP+CSCC+UM+ARMM+HNMUCM+VMM+URMM+ESMM,1028,448,109,30,0.634947480872209,0.299402592232915,1.34654246130352,0.236325998514347,0.533400240746917,0.196943613996479,1.44465621938854,0.216342865343942,0.661468031632264,0.401958564964631,1.08852004909999,0.103902917175409,0.533005569691546,0.269463414346181,1.05429873666349,0.0706019886129289,0.375953383907271,0.093139792649829,1.51751408125545,0.169400802430093,0.207432576899898,0.0289008227965437,1.48882522349771,0.117772430713525,MEL,478.0,False,False,-0.17427022509253193,False,False,-0.21592978148673475,False,False,-0.5946588004673776,0,0,0.5946588004673776
MEL,KDR,True,1137,407,659.0,SKCM,MUP+CSCC+UM+ARMM+HNMUCM+VMM+URMM+ESMM,961,421,176,57,1.25300243001124,0.792936101177429,1.98000202952388,0.333981819123977,1.4350471072392,0.799795022519903,2.57485998538376,0.225904002497383,0.94221048093219,0.6338524736377,1.40057919989423,0.768517522176931,0.727541916565955,0.42229557046042,1.25342835062977,0.251759154101558,0.492058018869187,0.182669787287701,1.32545779752912,0.16071632610337,0.147037176326338,0.0205113065042795,1.05404944426684,0.0564448676963394,MEL,478.0,False,False,0.1356550607505774,False,False,-0.25855707543866197,False,False,-1.2079111790865782,0,0,1.2079111790865782
MEL,KMT2A,True,1137,407,659.0,SKCM,MUP+CSCC+UM+ARMM+HNMUCM+VMM+URMM+ESMM,1005,441,132,37,0.360528167630236,0.0894659898195236,1.45284884140912,0.151379091036394,1.23456574013272e-07,0.0,inf,0.991956155482168,0.9363816714473,0.581751713776079,1.50719046263081,0.786646090255213,0.71470097738216,0.372828033308068,1.37006190907577,0.311700896324145,0.646629611107505,0.36699355198769,1.13933842078803,0.131404235639595,0.475546159643209,0.230120416081574,0.982720932814758,0.0447466216457752,MEL,478.0,False,False,-14.887191179723823,False,False,-0.2701589202359837,False,True,-0.3073097060515148,0,1,14.887191179723823
MEL,KMT2C,True,1137,407,659.0,SKCM,MUP+CSCC+UM+ARMM+HNMUCM+VMM+URMM+ESMM,991,426,146,52,0.815626925910462,0.434126662464707,1.53238061558643,0.526470366603104,0.652152645295162,0.240915916839416,1.76535896152086,0.400153769217217,0.611359984307712,0.384153953216069,0.972945943374173,0.0379257747315686,0.457615688204327,0.238795274664967,0.876952520876002,0.0184915017217511,1.21806538307123,0.622334514598632,2.38406073041498,0.564794147861538,0.908016399952629,0.333941453112644,2.46897704641902,0.850040788647833,MEL,478.0,False,False,-0.2236783987017587,True,True,-0.28965623488953496,False,False,-0.2937566874515187,0,0,0.2937566874515187
MEL,KMT2D,True,1137,407,659.0,SKCM,MUP+CSCC+UM+ARMM+HNMUCM+VMM+URMM+ESMM,937,408,200,70,1.05640910552216,0.576430603337425,1.93605299886698,0.859078283192241,1.1972619729215,0.489229104196634,2.92998969093986,0.693373445323333,0.683303859972872,0.469889674548963,0.993646360716476,0.046225614214293,0.736927705075289,0.463522890989141,1.17159789314538,0.196884857730629,1.39528315954983,0.652762083609249,2.98242674353729,0.390102227442741,1.15158665135176,0.363379038166268,3.64950004343608,0.810462806225248,MEL,478.0,False,False,0.12516173975030115,True,False,0.07555014307008645,False,False,-0.19195668813582023,1,0,0.19195668813582023
MEL,MET,True,1137,407,659.0,SKCM,MUP+CSCC+UM+ARMM+HNMUCM+VMM+URMM+ESMM,1025,446,112,32,0.758671305643635,0.389688585695282,1.47703107336353,0.416494813477622,0.706821689944807,0.289033406387859,1.7285091976739,0.446958750728405,0.761952391624193,0.463861462983434,1.25160526025971,0.28297301099342,0.73443045079955,0.393451114184818,1.37091513434693,0.332407505431681,0.318443046442486,0.1015759203191,0.99832690177953,0.0496652040694639,0.307141568077981,0.0755670490231602,1.24837404743023,0.098963839237173,MEL,478.0,False,False,-0.07079019370121542,False,False,-0.03678877359762367,True,False,-0.036134865843215236,1,0,0.07079019370121542
MEL,NF1,True,1116,395,648.0,SKCM,MUP+CSCC+UM+ARMM+HNMUCM+VMM+URMM+ESMM,833,360,283,108,1.12066911684151,0.57394596156156,2.18818382487671,0.738609652254915,1.55576154515363,0.565641327925412,4.27902606454877,0.391905381774305,0.916607171316075,0.670086887535012,1.25382054497247,0.585899847745798,1.05107818238378,0.688131647820797,1.60545638175748,0.817702087784057,0.644513298434521,0.422214887665993,0.98385301891003,0.0418111676683856,0.504397419032634,0.272647840188279,0.933133217380682,0.0292235834279314,MEL,468.0,False,False,0.3280392327258793,False,False,0.13689276080980547,True,True,-0.24513096871772988,0,0,0.3280392327258793
MEL,NOTCH1,True,1137,407,659.0,SKCM,MUP+CSCC+UM+ARMM+HNMUCM+VMM+URMM+ESMM,1001,393,136,85,0.651125922950795,0.267321417704157,1.58597455893984,0.344865694689915,0.262885774215146,0.0366856758532114,1.88381237846671,0.183623936865199,1.06287899685228,0.709943800426683,1.59126928254145,0.767097501838293,0.709542015540424,0.356412681185351,1.41254758428573,0.328684846952082,1.49944594084988,0.833066177105302,2.69887097966646,0.176728646199968,2.82666222566321e-07,0.0,inf,0.991268311138049,MEL,478.0,False,False,-0.9069834342747902,False,False,-0.4041168267475709,False,False,-15.48409472804006,0,0,15.48409472804006
MEL,NOTCH2,True,1137,407,659.0,SKCM,MUP+CSCC+UM+ARMM+HNMUCM+VMM+URMM+ESMM,1029,423,108,55,1.60191517255908,0.84452057683362,3.03856683953901,0.149132128284029,1.50862839061587,0.551245356442638,4.12875971538289,0.423412758575867,1.12664734753427,0.734700197591016,1.72769008347619,0.584612476741953,1.01124870482767,0.540309413455454,1.89266356933452,0.97209754467492,1.32756313011506,0.3278610264542,5.3755210965494,0.691295019015614,1.61416110418683,0.223790365761629,11.6426641576024,0.634813318452938,MEL,478.0,False,False,-0.05999900884141707,False,False,-0.10806036489486534,False,False,0.1954703529414114,0,0,0.1954703529414114
MEL,NRAS,True,1137,407,659.0,SKCM,MUP+CSCC+UM+ARMM+HNMUCM+VMM+URMM+ESMM,872,412,265,66,0.66065595246524,0.378541732221148,1.15302026269792,0.144604064734277,0.781469896615181,0.379861571834732,1.60767828229132,0.502886461611047,1.3032420468402,0.975164326253889,1.74169602694228,0.073454685968008,1.84919632692613,1.30638062512454,2.61755799937029,0.0005255145533981,1.64804001756538,1.15721176447531,2.34705175221614,0.0056166370511407,2.15532971741838,1.39207805211465,3.33705871142073,0.0005750654673408,MEL,478.0,False,False,0.16794342028058504,False,True,0.3498960847370593,True,True,0.26835699927872186,0,1,0.3498960847370593
MEL,NRAS:p.Q61R,True,972,341,548.0,SKCM,MUP+CSCC+UM+ARMM+VMM+HNMUCM+URMM+ESMM,872,412,100,12,0.784339141460073,0.291390419659978,2.11121521958129,0.630640767984509,1.35238158028134,0.494587597209776,3.69790093605706,0.556411748641738,1.25544341974136,0.819337253857913,1.92367449758998,0.296111874019227,1.92927586139529,1.21860463217335,3.05439947550853,0.0050570065835353,1.28713477720385,0.681676317261088,2.43035571683658,0.436365103562857,1.73610540298784,0.873707341620363,3.44973863295432,0.115349673295371,MEL,424.0,False,False,0.5447809455100084,False,True,0.4296558984784399,False,False,0.2992256852786986,0,1,0.5447809455100084
MEL,NTRK3,True,1137,407,659.0,SKCM,MUP+CSCC+UM+ARMM+HNMUCM+VMM+URMM+ESMM,999,440,138,38,0.393363796743935,0.173891437132528,0.889837240639257,0.0250777150811437,0.103305647295276,0.0143941639597192,0.741415534306871,0.0239766922231298,0.710620347558005,0.446934618757678,1.12987729562577,0.148777439244342,0.873315671148277,0.513277549089964,1.48590224299775,0.617402344059681,1.31809014566808,0.583793593925954,2.9759861193812,0.506254768397978,2.66691558105037,1.07865881834046,6.59377978978735,0.0336775970534937,MEL,478.0,True,True,-1.337042831630509,False,False,0.2061587664951645,False,True,0.7047387620052168,0,1,1.337042831630509
MEL,POLE,True,1137,407,659.0,SKCM,MUP+CSCC+UM+ARMM+HNMUCM+VMM+URMM+ESMM,1032,445,105,33,1.05845240380846,0.434295575631028,2.57962906829083,0.900535451154752,0.73757965776797,0.18159470934628,2.99581278282578,0.67036991978548,0.88523469758365,0.575344081472303,1.36203794397378,0.579238323360292,1.10315909687357,0.663821028592177,1.83326520341759,0.704799929396619,0.636277211489479,0.157720991751194,2.56686624504289,0.52522340258558,0.382868415087514,0.0532583572303872,2.75239851348602,0.340111679662116,MEL,478.0,False,False,-0.361189030951639,False,False,0.2200804441314006,False,False,-0.5079429690905328,0,0,0.5079429690905328
MEL,PREX2,True,1137,407,659.0,SKCM,MUP+CSCC+UM+ARMM+HNMUCM+VMM+URMM+ESMM,941,428,196,50,0.604095331348789,0.320065953746899,1.14017490796907,0.119899675088057,0.606644962992633,0.282847774804761,1.30111722242949,0.199198867394317,0.934007953845855,0.624328845057023,1.39729385363837,0.739748271541502,0.87485060485688,0.531115353232059,1.4410496253985,0.599530831168176,0.429921012744771,0.190805541785979,0.968693442912737,0.0416795608638524,0.485924291313001,0.197536190397243,1.19533750455146,0.116078183674531,MEL,478.0,False,False,0.004211696636548801,False,False,-0.06543181961358384,True,False,0.12245133205123304,1,0,0.12245133205123304
MEL,PTEN,True,1137,407,659.0,SKCM,MUP+CSCC+UM+ARMM+HNMUCM+VMM+URMM+ESMM,1033,447,104,31,0.652546694909945,0.207331932131301,2.05379453449663,0.465568865987447,0.923726761364647,0.28853973905499,2.9572048982085,0.893687107345455,1.19154998929831,0.683838363957588,2.07620901638222,0.536189560561154,1.3282783937703,0.677286297146387,2.6049892029274,0.40875887127601,1.04952178001268,0.698941866225724,1.57594790060158,0.815733900241951,0.790757970519812,0.439927509576279,1.42136637134349,0.432635737112413,MEL,478.0,False,False,0.34753361538449756,False,False,0.10862869134139452,False,False,-0.28309794996562254,0,0,0.34753361538449756
MEL,PTPRD,True,1137,407,659.0,SKCM,MUP+CSCC+UM+ARMM+HNMUCM+VMM+URMM+ESMM,863,384,274,94,1.60351389193851,0.786566441507309,3.26896326356418,0.193826370053007,0.917189074651712,0.225570330535259,3.72937254941411,0.903861558124126,0.893985623036489,0.640702255622891,1.24739734749169,0.509673652069869,0.979781599982688,0.635017692617784,1.51172478314308,0.926450440247411,0.728805950056694,0.471893476966069,1.12558901270049,0.153726742481966,0.740675182452796,0.437006931116256,1.25535703632934,0.264786237452201,MEL,478.0,False,False,-0.5586390433243816,False,False,0.09163999623821009,False,False,0.016154668830799523,0,0,0.5586390433243816
MEL,PTPRT,True,1137,407,659.0,SKCM,MUP+CSCC+UM+ARMM+HNMUCM+VMM+URMM+ESMM,821,392,316,86,0.589435165601927,0.319318629177439,1.08804743194331,0.0909998078273426,0.462524087626809,0.187401375301249,1.14155262356597,0.094375634036803,0.79591816518581,0.601331057578628,1.05347248855496,0.110537026168992,0.773059684484576,0.54107073662013,1.10451598160439,0.157387581693625,0.424029833964988,0.173623359988465,1.03558242453274,0.0596709064602748,0.279583755618619,0.0685785014257584,1.13981896338802,0.0754952053770354,MEL,478.0,False,False,-0.24246609496201332,False,False,-0.029140115903411062,False,False,-0.41650190585555225,0,0,0.41650190585555225
MEL,ROS1,True,1137,407,659.0,SKCM,MUP+CSCC+UM+ARMM+HNMUCM+VMM+URMM+ESMM,866,378,271,100,0.788904087557358,0.494904308350968,1.25755554935146,0.318924212236259,1.14712565540423,0.596033487318766,2.20775727754175,0.681145974453413,0.758286028821522,0.522460185306373,1.1005579327901,0.145441465352105,0.738055674544916,0.450243283695668,1.20984853845404,0.228388424695914,0.858068565318784,0.564176604424037,1.30505529122375,0.474310316526296,1.23810735216961,0.75160943929128,2.03950314533287,0.401634509981744,MEL,478.0,False,False,0.3743699110587187,False,False,-0.027041399677443845,False,False,0.3666551544229662,0,0,0.3743699110587187
MEL,SETD2,True,1137,407,659.0,SKCM,MUP+CSCC+UM+ARMM+HNMUCM+VMM+URMM+ESMM,1030,443,107,35,0.570683179449466,0.182605712470441,1.78351096962134,0.334649072066679,1.34323514368895,0.329856215814148,5.46990041339004,0.680430150106274,1.27356145238556,0.84068138774327,1.92933826851622,0.253842276254462,0.943259833797123,0.527339244737245,1.68722340113014,0.843917305598119,0.343117440373286,0.084988225000518,1.38524575478071,0.133021629769924,0.266873871135676,0.0371740704366101,1.91589627550714,0.189023623330002,MEL,478.0,False,False,0.8560020660069352,False,False,-0.30023076374403856,False,False,-0.2512966262847436,0,0,0.8560020660069352
MEL,SF3B1,True,1137,407,659.0,SKCM,MUP+CSCC+UM+ARMM+HNMUCM+VMM+URMM+ESMM,1004,380,133,98,0.75915788314932,0.435287230371845,1.32400091556886,0.331561241566542,9.88899620393378e-08,0.0,inf,0.990500358867014,0.781893326727676,0.523148751995555,1.16861059507309,0.230138754476132,0.348143267623865,0.0859529832967658,1.41011667242948,0.139294501280751,1.60923385617675,0.712320266948074,3.63549055674174,0.252559974272849,2.83239688111475,0.39050567648756,20.5438040345724,0.303084633754893,MEL,478.0,False,False,-15.853712591003061,False,False,-0.8091042367780237,False,False,0.5653651076414992,0,0,15.853712591003061
MEL,SPEN,True,1137,407,659.0,SKCM,MUP+CSCC+UM+ARMM+HNMUCM+VMM+URMM+ESMM,998,421,139,57,1.71517352322378,0.996897634198163,2.95097521937052,0.0513263946945246,1.63746043382273,0.756980198636833,3.54206976241037,0.210310037358534,1.29318813828309,0.896386441874798,1.8656412936126,0.16913321928008,1.08240939128835,0.648088151734439,1.80779433664031,0.76219542526098,1.44267567613868,0.533449779204318,3.9016102127301,0.470284992920441,0.469254851474403,0.0652836285338301,3.37297605199987,0.452149069601101,MEL,478.0,False,False,-0.04636772953755475,False,False,-0.17792112025749768,False,False,-1.1231087626544594,0,0,1.1231087626544594
MEL,TERT,True,1137,407,659.0,SKCM,MUP+CSCC+UM+ARMM+HNMUCM+VMM+URMM+ESMM,391,278,746,200,0.898798476396766,0.497866815925163,1.6226000113544,0.723333709715571,0.769835025596354,0.341565092652544,1.73508938525461,0.528112187350602,0.756608076703187,0.570446756976593,1.00352184446897,0.0529208551468038,0.898797895088374,0.583531082674184,1.38439524508817,0.628297868862161,0.84737929115941,0.640556663069507,1.12098071019192,0.246044480408139,1.06376560943618,0.692847628737543,1.63325560322843,0.777505521188345,MEL,478.0,False,False,-0.1548826057369294,False,False,0.17221281125563012,False,False,0.22742195395032205,0,0,0.22742195395032205
MEL,TERT:NA,True,1130,404,655.0,SKCM,MUP+CSCC+UM+ARMM+HNMUCM+VMM+URMM+ESMM,391,278,739,197,0.839058136070414,0.464637590440037,1.51519930843136,0.560623354659177,0.806116063893419,0.373495257323734,1.7398429986054,0.582944598111516,0.76143489291643,0.573771604839678,1.01047715024632,0.0590563799038542,0.906332127470257,0.588144099686592,1.39666099808276,0.655771156134599,0.834511957824581,0.63011879506946,1.10520462681239,0.206911745788068,1.05787413114576,0.688926158953886,1.62440874512114,0.797093418520321,MEL,475.0,False,False,-0.04005226415744037,False,False,0.17420115526651975,False,False,0.23716956434194336,0,0,0.23716956434194336
MEL,TET2,True,1137,407,659.0,SKCM,MUP+CSCC+UM+ARMM+HNMUCM+VMM+URMM+ESMM,1006,436,131,42,0.775731140549991,0.247767440099935,2.42872429959431,0.6627617622097,0.846109107857547,0.207555695765688,3.44919767081546,0.815705763351324,0.806637862519403,0.53693658128455,1.21180911103736,0.300762663586971,0.716142839209991,0.416116085883357,1.23249396875157,0.228081590853913,0.207809491332831,0.066412910404068,0.650246833413353,0.0069450391621737,0.204395268381484,0.0503357746811051,0.829974824097048,0.0263771404493171,MEL,478.0,False,False,0.08684232860340466,False,False,-0.11899517905723175,True,True,-0.01656604370542558,0,0,0.11899517905723175
MEL,TP53,True,1137,407,659.0,SKCM,MUP+CSCC+UM+ARMM+HNMUCM+VMM+URMM+ESMM,811,307,326,171,1.31041857492553,0.859507395660593,1.99788489334645,0.208977518836345,1.37640917093609,0.641821180532315,2.95176018383456,0.411791718287842,0.934139524423265,0.695608033783092,1.25446603361374,0.650624405121969,0.576522438388894,0.350563376191084,0.948125630170521,0.0300195356553084,1.22561966513333,0.835895706167802,1.79704663210699,0.297439988769807,0.673836919389662,0.365702151877761,1.24160109969581,0.205519194643134,MEL,478.0,False,False,0.04913144888613613,False,True,-0.4826115501213052,False,False,-0.5982137218958411,0,1,0.5982137218958411
MEL,TP63,True,1137,407,659.0,SKCM,MUP+CSCC+UM+ARMM+HNMUCM+VMM+URMM+ESMM,955,429,182,49,0.721601516875257,0.318823490055426,1.63321952553166,0.433685184904956,0.714581917830375,0.226124291889102,2.25817099535933,0.567021534347675,0.671994660285538,0.464970334435592,0.971194912897885,0.0343860342898909,0.843181027939862,0.544480742444313,1.30574727525912,0.444617383175569,0.856047035230254,0.350513204135647,2.09069592209403,0.732977940295756,0.876396712280444,0.320636450456255,2.39545814645538,0.797044938375373,MEL,478.0,False,False,-0.009775429480658904,True,False,0.22693128297473017,False,False,0.023493533991655685,1,0,0.22693128297473017
MEL,ZFHX3,True,1137,407,659.0,SKCM,MUP+CSCC+UM+ARMM+HNMUCM+VMM+URMM+ESMM,988,425,149,53,0.544542689190137,0.254620576651521,1.1645827852957,0.117085679951308,0.748063422528293,0.301417951897532,1.85655459670491,0.531397070035402,0.784575118952023,0.5204273334699,1.18279359612879,0.246702165284789,0.728642820887616,0.423905548470549,1.25244966088937,0.252015412727093,0.54946364119209,0.136258795406874,2.21571232954581,0.399957481277141,0.871207838867476,0.214177024983978,3.54381194043067,0.847274084423146,MEL,478.0,False,False,0.3175414238400357,False,False,-0.07395866720120442,False,False,0.46093796478085947,0,0,0.46093796478085947
OV,TP53,True,978,346,854.0,HGSOC,CCOV+LGSOC,136,110,842,14,1.2566811111025,0.842403923624077,1.87469142855814,0.26288963476929,2.79442302938021,1.1182515537628,6.98304423620488,0.0278674686762096,1.20215285012305,0.833267700275089,1.73434236630302,0.324838285618478,2.60304404384257,1.05608343091263,6.4160066296361,0.0376616293787775,1.22433784443002,0.843380132185612,1.77737546818763,0.28720212416139,2.66446420426689,1.08571166276951,6.53890875383066,0.032395429251293,OV,124.0,False,True,0.7991514487659223,False,True,0.7725675550927718,False,True,0.7776028256534331,0,3,0.7991514487659223
PAAD,ARID1A,True,1768,1088,1624.0,PAAD,PANET,1603,127,165,17,0.681811745549785,0.415615345534769,1.1185035907938,0.129386832413887,0.781111648960217,0.468551801217793,1.30217279403381,0.343440067715222,1.36234197921845,1.03282759225127,1.796984978195,0.0286267336073828,1.36909051024684,1.02861094877205,1.82227189734428,0.031293125794004,1.10934248169417,0.76559198329047,1.60743681824116,0.583429201007847,1.10703230425649,0.754468833268207,1.62434877178256,0.6032196606463,PAAD,144.0,False,False,0.1359645092163619,True,True,0.004941395979002117,False,False,-0.0020846458721193034,0,0,0.1359645092163619
PAAD,CDKN2A,True,1768,1088,1624.0,PAAD,PANET,1372,144,396,0,1.15421193189293,0.666312174989222,1.99937091611083,0.608914270356182,1.12255129407432,0.648190916206958,1.94405903618927,0.679912325869402,1.45477150997935,1.04548044031894,2.02429434796692,0.0261602158364647,1.35997730952925,0.977303265616929,1.89249166303244,0.0681847045159498,1.26910433690561,1.08944468325685,1.47839155370215,0.0022136961541472,1.15860893534326,0.994536618790332,1.34974885760366,0.0588052689690121,PAAD,144.0,False,False,-0.027813765174660207,True,False,-0.06738083503773812,True,False,-0.09109131329558007,2,0,0.09109131329558007
PAAD,KRAS,True,1768,1088,1624.0,PAAD,PANET,214,132,1554,12,2.04570452407711,1.56624766909892,2.67193182942592,1.49746719137413e-07,1.19357874053742,0.878515805713971,1.621632986677,0.257778350704793,2.29006593184176,1.76503458924202,2.97127433317579,4.48137506762933e-10,1.32274055541347,0.978105627328203,1.78880739262778,0.069337013179081,3.19445041330519,2.44680968306532,4.17053827835178,1.3725664691952201e-17,1.72966314988293,1.26469477760574,2.36557837119146,0.000603597384752,PAAD,144.0,True,False,-0.5387861016189944,True,False,-0.5488748456869084,True,True,-0.6134883799176228,2,0,0.6134883799176228
PAAD,KRAS:p.G12,True,1631,1004,1492.0,PAAD,PANET,214,132,1417,7,2.15466340600705,1.6287703521196,2.85035541514141,7.57340468533922e-08,1.21407704491174,0.891350016791799,1.65365237360614,0.218540580910863,2.39925459225269,1.82795913262902,3.14909808195033,2.84230140436905e-10,1.34120527999474,0.989638441039672,1.81766545082465,0.0583833476046154,3.26562013459634,2.47874518900407,4.30228766990197,3.98691199546333e-17,1.73239905228697,1.26334290021173,2.37560718935596,0.0006472126394648,PAAD,139.0,True,False,-0.5736503649413078,True,False,-0.581589430179221,True,True,-0.6339424954135537,2,0,0.6339424954135537
PAAD,RNF43,True,1768,1088,1624.0,PAAD,PANET,1666,142,102,2,0.920844830183262,0.560478638838712,1.51291261167806,0.744779714685129,0.848267993106381,0.508038629709897,1.41634621079821,0.52924811828924,1.32901121497444,0.947155672265219,1.86481574386142,0.0998013958276059,1.26472867582882,0.895947113383118,1.78530473458843,0.18178531218492,0.526413399054532,0.297043051255304,0.93289866749306,0.0279578237693715,0.493644155865361,0.278044873302562,0.876421671529449,0.0159373261379223,PAAD,144.0,False,False,-0.08209492687520219,False,False,-0.049577604688603866,True,True,-0.06427190845047359,0,0,0.08209492687520219
PAAD,SMAD4,True,1768,1088,1624.0,PAAD,PANET,1392,138,376,6,0.855656359111672,0.596994846616584,1.22638881899505,0.395996552905825,0.955857610197279,0.664819270036554,1.37430398327927,0.80746483712915,0.92087275312121,0.706146194677108,1.20089385715489,0.542830854749389,0.866451227845497,0.661122651045315,1.13554985455114,0.298899082839189,1.07520272802753,0.906532466599416,1.27525593285639,0.404929666921534,1.00047104060271,0.842854918280336,1.18756179904232,0.995704122936906,PAAD,144.0,False,False,0.1107401127465924,False,False,-0.06091604387671143,False,False,-0.0720382983136038,0,0,0.1107401127465924
PAAD,TP53,True,1768,1088,1624.0,PAAD,PANET,439,114,1329,30,1.58901838040701,1.32573588386947,1.90458706292357,5.42176971710438e-07,1.35770514637203,1.13038721285422,1.63073612610196,0.0010719866524723,1.87741441094292,1.58409472540817,2.22504678153509,3.66967649268774e-13,1.44993361469948,1.2125519108294,1.73378761623286,4.64702496759365e-05,1.78217991214809,1.47696990692669,2.15046036101928,1.64842387681346e-09,1.27381540318392,1.04073507658402,1.55909579478617,0.0189151690210689,PAAD,144.0,True,True,-0.15732057264269322,True,True,-0.2583777444836889,True,True,-0.33582063356223724,0,0,0.33582063356223724
UCEC:UCEC CSRC,TP53,True,184,95,,UEC,UCS,19,19,165,165,0.999891864794673,0.384282394663996,2.60169020273944,0.999823152690237,,,,,1.55173271895324,0.700105637789749,3.43930158693158,0.27925590978057,,,,,1.40277644987337,0.662577722579067,2.96988821275153,0.37648470842997,,,,,UCEC,,False,False,,False,False,,False,False,,0,0,
UCEC:UCEC ENDO,ARID1A,True,535,83,535.0,UEC,,280,0,255,0,1.3219090061731,0.59863690494418,2.91903724305888,0.489893688450948,1.3219090061731,0.598636904944181,2.91903724305888,0.489893688450947,0.873572317523014,0.482605379247064,1.58126831311562,0.65527514981106,0.873572317523015,0.482605379247064,1.58126831311562,0.655275149811061,1.76119391920783,0.940563457945344,3.29781472462316,0.0769773033093893,1.76119391920783,0.940563457945345,3.29781472462316,0.076977303309389,UCEC,0.0,False,False,0.0,False,False,1.1379786002407855e-15,False,False,0.0,0,0,1.1379786002407855e-15
UCEC:UCEC ENDO,CTNNB1,True,535,83,535.0,UEC,,361,0,174,0,0.482855760470185,0.150005441578596,1.55427485140318,0.222241119553731,0.482855760470185,0.150005441578596,1.55427485140318,0.222241119553731,0.841003972051014,0.4932385999709,1.43396660571032,0.524759970141028,0.841003972051014,0.493238599970899,1.43396660571032,0.524759970141027,0.458462690689337,0.142018382575233,1.4800058622183,0.192133879723515,0.458462690689337,0.142018382575233,1.4800058622183,0.192133879723515,UCEC,0.0,False,False,0.0,False,False,0.0,False,False,0.0,0,0,0.0
UCEC:UCEC ENDO,KRAS,True,535,83,535.0,UEC,,392,0,143,0,1.60689676685212,0.753060945854534,3.42882901249083,0.219991253808426,1.60689676685212,0.753060945854534,3.42882901249083,0.219991253808425,1.24714740340436,0.65129390334409,2.38813328027809,0.505208018036561,1.24714740340436,0.65129390334409,2.3881332802781,0.50520801803656,1.76528104846197,0.814338766476845,3.82668406361274,0.14995694481084,1.76528104846197,0.814338766476845,3.82668406361274,0.14995694481084,UCEC,0.0,False,False,0.0,False,False,0.0,False,False,0.0,0,0,0.0
UCEC:UCEC ENDO,KRAS:p.G12,True,511,79,511.0,UEC,,392,0,119,0,1.65244965024026,0.736687031502863,3.70658058281368,0.223013895526836,1.65244965024026,0.736687031502863,3.70658058281368,0.223013895526836,1.22232090264766,0.602524046719345,2.47968259056941,0.578053557254405,1.22232090264766,0.602524046719345,2.47968259056941,0.578053557254405,1.63420326562292,0.72145140386234,3.7017327834907,0.239059853971103,1.63420326562292,0.72145140386234,3.7017327834907,0.239059853971103,UCEC,0.0,False,False,0.0,False,False,0.0,False,False,0.0,0,0,0.0
UCEC:UCEC ENDO,PIK3CA,True,535,83,535.0,UEC,,279,0,256,0,1.05463710432777,0.5042223266849,2.20589085996569,0.88763990646057,1.05463710432777,0.5042223266849,2.20589085996569,0.887639906460569,1.3850484815156,0.807986810168316,2.37424580699411,0.23617910699936,1.3850484815156,0.807986810168316,2.37424580699411,0.23617910699936,0.992859026801937,0.518406726050981,1.90153599011203,0.982754800829337,0.992859026801937,0.518406726050981,1.90153599011203,0.982754800829338,UCEC,0.0,False,False,0.0,False,False,0.0,False,False,0.0,0,0,0.0
UCEC:UCEC ENDO,PIK3R1,True,535,83,535.0,UEC,,358,0,177,0,7.8640013723596e-08,0.0,inf,0.994744050396503,7.8640013723596e-08,0.0,inf,0.994744050396503,0.702895257247424,0.386697356485301,1.27764447926787,0.247548084200503,0.702895257247424,0.386697356485301,1.27764447926787,0.247548084200503,0.451903995738556,0.179700731747498,1.13642954805227,0.0913828354405247,0.451903995738556,0.179700731747498,1.13642954805227,0.0913828354405248,UCEC,0.0,False,False,0.0,False,False,0.0,False,False,0.0,0,0,0.0
UCEC:UCEC ENDO,PTEN,True,535,83,535.0,UEC,,149,0,386,0,0.664299473942193,0.198433380083481,2.22388889860276,0.507023481183298,0.664299473942193,0.198433380083481,2.22388889860276,0.507023481183297,0.563443387113006,0.273329437545904,1.16148649531414,0.120098037870894,0.563443387113006,0.273329437545904,1.16148649531414,0.120098037870894,0.945677573085383,0.567858911402228,1.57487371295861,0.830050318484386,0.945677573085383,0.567858911402228,1.57487371295861,0.830050318484385,UCEC,0.0,False,False,0.0,False,False,0.0,False,False,0.0,0,0,0.0
UCEC:UCEC HM,ARID1A,True,266,35,266.0,UEC,,29,0,237,0,0.430357796693265,0.0817879658755505,2.26448758313045,0.319637752012802,0.430357796693266,0.0817879658755507,2.26448758313047,0.319637752012804,0.59022812245836,0.215531132691032,1.61632907594892,0.304991135383156,0.590228122458363,0.215531132691033,1.61632907594893,0.30499113538316,1.01912938554442,0.352390785702785,2.94736623833336,0.972102196810934,1.01912938554443,0.352390785702786,2.94736623833337,0.972102196810929,UCEC,0.0,False,False,2.220446049250313e-15,False,False,5.10702591327572e-15,False,False,1.0023232244193991e-14,0,0,1.0023232244193991e-14
UCEC:UCEC HM,JAK1,True,266,35,266.0,UEC,,142,0,124,0,0.415700356263894,0.055313209093572,3.12415043404181,0.393665617314157,0.415700356263893,0.0553132090935719,3.1241504340418,0.393665617314156,0.936346135303935,0.439760547636765,1.99368517664934,0.864564113797049,0.936346135303933,0.439760547636764,1.99368517664934,0.864564113797047,1.04010715319719,0.348809347975218,3.10147333037879,0.943760667933322,1.04010715319718,0.348809347975217,3.10147333037879,0.943760667933324,UCEC,0.0,False,False,-2.4424906541753444e-15,False,False,-2.1371793224034263e-15,False,False,-9.610368056911511e-15,0,0,9.610368056911511e-15
UCEC:UCEC HM,PIK3R1,True,266,35,266.0,UEC,,159,0,107,0,2.07042272513154,0.265514357931313,16.1447022832944,0.48737542147226,2.07042272513154,0.265514357931313,16.1447022832944,0.487375421472259,0.986976822760758,0.403251247372667,2.41567324345231,0.977100618300423,0.986976822760758,0.403251247372667,2.41567324345231,0.977100618300424,2.1836098261105,0.952867787457189,5.00400153667758,0.0649131720995415,2.1836098261105,0.952867787457189,5.00400153667758,0.0649131720995415,UCEC,0.0,False,False,0.0,False,False,0.0,False,False,0.0,0,0,0.0
UCEC:UCEC SEROUS,PIK3CA,True,267,133,,UEC,USC,148,148,119,119,1.32768591373055,0.710004395321284,2.482730948054,0.374790964337568,,,,,1.86827260278428,1.17779579290749,2.96353794039108,0.0079273097404967,,,,,0.998934522517339,0.637371721971342,1.56560158833311,0.9962898546311,,,,,UCEC,,False,False,,True,False,,False,False,,1,0,
UCEC:UCEC SEROUS,TP53,True,267,133,,UEC,USC,7,7,260,260,1.1927285439253,0.360626405086667,3.94480647958175,0.77274651359362,,,,,1.15457180648154,0.356072776428902,3.74371798285514,0.81073834045868,,,,,1.02194227247386,0.309108116778631,3.37864310763784,0.971620215695436,,,,,UCEC,,False,False,,False,False,,False,False,,0,0,
